Legajo	Tipo de canon	Monto de canon	Normativa aplicable/concesiones	Concesión	Concesionario	Domicilio	Rubro	Vencimiento
1	Importe Fijo	49.029,00	Decreto N° 667/GCBA/2010 A la fecha se sustancia readecuación del canon.	BUENOS AIRES DESIGN	EMPRENDIMIENTO RECOLETA S.A.	AV. PUEYRREDON 2501	PREDIOS COMERCIALES	17/11/2018
2	Importe Fijo	80.000,00	Permiso Ley 3399	HAPPENING	HAPPENING S.A.	AV. RAFAEL OBLIGADO 7030	GASTRONOMICOS	10/12/2015
4	Importe Fijo .	60.720,00	Permiso Ley 3399	GARDINER	FOOD CO S.A.	AV. RAFAEL OBLIGADO 6311	GASTRONOMICOS	30/6/2014
8	Importe Fijo	26.220,00	Permiso Ley 3399	TEQUILA	BRUC & BRUC S.A.	AV. RAFAEL OBLIGADO 6211	GASTRONOMICOS	30/6/2014
10	Importe Fijo	40.000,00	Permiso Ley 3399. Incremento de canon previsto pendiente de firma	LOS PLATITOS	ANALOS SA	AV. RAFAEL OBLIGADO 7350	GASTRONOMICOS	10/12/2015
13	Importe Fijo	12.000,00	Permiso Ley 3399	KOTROKO'S	RICARDO EPISCOPO	AV. RAFAEL OBLIGADO 4151	GASTRONOMICOS	10/12/2015
22	Importe Fijo	60.500,00	Resolución N° 654/SPyS/98. Resolución Conjunta N° 092-MDEGC-MJGGC/13, se prorrogó la concesión por el plazo de 94 días.	ESTACIONAMIENTO 9 DE JULIO (STA. FE Y JUNCAL)	PLAYAS SUBTERRANEAS S.A.	9 DE JULIO (STA. FE Y JUNCAL)	PLAYAS DE ESTACIONAMIENTO	4/2/2018
23	importe Fijo	445.993,94	Se desafectó Playa 9 de Julio Sur (Playa Remoción y Terminal Combis)	PLAYA SUBTERRANEA OBELISCO NORTE Y SUR	PLAYAS SUBTERRANEAS S.A.	9 DE JULIO Y SARMIENTO - 9 JULIO Y LAVALLE	PLAYAS DE ESTACIONAMIENTO	31/12/2018
25	Importe Variable	313,48	Otorgado por aplicación Ley Nac. 24308, Decreto 1553/GCBA/97, Decreto 1187/GCBA/08	KIOSCO HOSPITAL ZUBIZARRETA	ALONSO SAN MARTIN DIANA	CHIVICOY 3855	PERSONAS CON NECESIDADES ESPECIALES	Decreto 1553
28	Importe Variable	1.383,12	Otorgado por aplicación Ley Nac. 24308, Decreto 1553/GCBA/97, Decreto 1187/GCBA/08	KIOSCO DIRECCION GENERAL DE RENTAS	LUCERO CIPRIANO	VIAMONTE 872	PERSONAS CON NECESIDADES ESPECIALES	Decreto 1553
29	Importe Fijo	75.000,00	Permiso Ley 3399	RODIZIO	MAILLOL S.A.	AV RAFAEL OBLIGADO 6551	GASTRONOMICOS	27/11/2014
32	Importe Variable	Importe Variable	Otorgado por aplicación Ley Nac. 24308, Decreto 1553/GCBA/97, Decreto 1187/GCBA/08	KIOSCO HOSPITAL RIVADAVIA	VICTOR RAUL FERREYRA	AV. LAS HERAS 2670	PERSONAS CON NECESIDADES ESPECIALES	Decreto 1553
34	Importe Fijo	14.637,00	RES-946-1998. Resolución N°564/MDEGC/09. Exp. N° 87.030/96	PLAYA ESTACIONAMIENTO AV. 9 JULIO (E/ BELGRANO Y MEJICO)	MEK S.A.	AV. 9 JULIO (E/ BELGRANO Y MEJICO)	PLAYAS DE ESTACIONAMIENTO	2/11/2017
40	Importe Fijo	220.000,00	Decreto 167/13 - en el marco de la Ley 3399	SOLARIUM ING. AGRONOMO BENITO CARRASCO	PUNTA CARRASCO S.A.	AV. RAFAEL OBLIGADO 2221	GASTRONOMICOS	12/11/2016
60	Importe Fijo	148.000,00	EX-2014-13372415-MGEYA-DGLTSSASS	CEMIC	CEMIC	AV. LAS HERAS 2939	PREDIOS COMERCIALES	28/12/2003
65	Importe Fijo	64.800,00	Proyecto de Ley Legislatura(Exp 2359-D-2013) que propicia otorgar a la "Asociación Golf Club José Jurado" un permiso de uso oneroso e intransferible por el término de veinte (20) años	GOLF CLUB JOSE JURADO	ASOCIACION CIVIL GOLF CLUB JOSE JURADO	AV. CORONEL ROCA 5025	DEPORTES	30/11/2015
66	Importe Fijo	46.250,00	Permiso Ley 3399	AQUELLOS AÑOS	PIZZERIA BABIECA S.A.	AV. RAFAEL OBLIGADO 6350	GASTRONOMICOS	31/12/2014
69	Importe Fijo	3.246,00	Concesión adjud. por Dec. 4898/91. Dec. 2240/99 declara extinguida. Desocup Adm 30/3/2000 -Concesionaria recupera tenencia por med. cautelar autos "Hípico Mediterranea SA CIGCBA S/ Amparo" (Juzg. Civif 45, luego J. Cont. adm. y Trib. 6 Secr 11) Con SENTENCIA 1° Instancia rechazando acción.-Pendiente Resolución Camara	CLUB HIPICO MUNICIPAL "GRAL SAN MARTIN"	HIPICO MEDITERRANEA S.A. - RESTAURANT A LOS AMIGOS S.A. UTE	AV. FIGUEROA ALCORTA 4800, PARQUE 3 DE FEBRERO	DEPORTES	27/11/2013
72	Importe Fijo	32.500,00	Permiso Ley 3399	SIGA LA VACA	EL MIRASOL DEL PUERTO S.A.	AV. RAFAEL OBLIGADO 6880	GASTRONOMICOS	31/12/2014
75	Importe Fijo	10.000,00	Decreto 64/GCBA/2010	SECTOR INGRESO PARQUE NORTE (MARIA BELEN)	Sindicato Empleados de Comercio (SEC) PARQUE NORTE	AV. RAFAEL OBLIGADO 6710	GASTRONOMICOS	10/12/2015
81	Importe Variable	1.679,66	Otorgado por aplicación Ley Nac. 24308, Decreto 1553/GCBA/97, Decreto 1187/GCBA/08	HOSPITAL DE INFECCIOSAS FRANCISCO JAVIER MUÑIZ	ANTONIO MIGUEL MACAZAGA MARABOTTO	USPALLATA 2272	PERSONAS CON NECESIDADES ESPECIALES	Decreto 1553
82	Importe Fijo	55.000,00	Pliegos Nueva Licitación conf LEY 4003 Y LEY 4888	SECTOR 1: CONTROL DE ESTACIONAMIENTO INDEBIDO EN MICRO Y MAC	B.R.D. S.A.I.C.F.I.	MICRO Y MACRO CENTRO - AV JUJUY & CORDOBA & PASEO COLON & BE	CONTROL VEHICULAR	25/3/2001
83	Importe Variable	1.275,54	Otorgado por aplicación Ley Nac. 24308, Decreto 1553/GCBA/97, Decreto 1187/GCBA/08	KIOSCO DIRECCION GENERAL DE LICENCIAS	AVILA HECTOR EDUARDO	ROCA 5252	PERSONAS CON NECESIDADES ESPECIALES	Decreto 1553
85	Importe Variable	Importe Variable	Otorgado por aplicación Ley Nac. 24308, Decreto 1553/GCBA/97, Decreto 1187/GCBA/08	KIOSCO DIRECCION GENERAL DE LICENCIAS	AVILA HECTOR EDUARDO	ROCA 5252	PERSONAS CON NECESIDADES ESPECIALES	Decreto 1553
86	Importe Variable	1.327,26	Otorgado por aplicación Ley Nac. 24308, Decreto 1553/GCBA/97, Decreto 1187/GCBA/08	HOSPITAL GRAL DE AGUDOS DR. CARLOS DURAND	SUSANA MABEL PILLA	AV DIAZ VELEZ 5044	PERSONAS CON NECESIDADES ESPECIALES	Decreto 1553
87	Importe Fijo	321,84	Otorgado por aplicación Ley Nac. 24308, Decreto 1553/GCBA/97, Decreto 1187/GCBA/08	KIOSCO EDIFICIO DEL PLATA 3° PISO	EVA MADRID FUENTES	CARLOS PELEGRINI 291 PISO 3º	PERSONAS CON NECESIDADES ESPECIALES	Decreto 1553
88	Importe Fijo	55.000,00	Pliegos Nueva Licitación conf LEY 4003 Y LEY 4888	SECTOR 2-CONTROL DE ESTAC. INDEBIDO EN MICRO Y MACRO CENTRO	DAKOTA S.A.	AV PUEYRREDON & AV DEL LIBERTADOR & ALEM & AV CORDOBA	CONTROL VEHICULAR	21/2/2001
89	Importe Fijo	177.487,00	DEC-4507-MCBA-1991. RES-4446/SHyF/1997 . DECRETO 4507-91	PLAYA DE EST. CENTRO CULTURAL GRAL. SAN MARTIN	EMECOM S.A.	SARMIENTO 1537	PLAYAS DE ESTACIONAMIENTO	20/5/2017
91	Importe Variable	Importe Variable	Otorgado por aplicación Ley Nac. 24308, Decreto 1553/GCBA/97, Decreto 1187/GCBA/08	KIOSCO HOSPITAL BENITO Q. MARTIN	CATANI PIANA VICTOR FRANCISCO	AV. PEDRO DE MENDOZA 1795	PERSONAS CON NECESIDADES ESPECIALES	Decreto 1553
92	Importe Fijo	197.832,00	Resolución 25/AGP-SE/91 y Ley 25436	COMPLEJO COSTA SALGUERO	TELEMETRIX S.A.	AV. RAFAEL OBLIGADO 1221	VARIOS	30/6/2021
93	Importe Variable	Importe Variable	Otorgado por aplicación Ley Nac. 24308, Decreto 1553/GCBA/97, Decreto 1187/GCBA/08	KIOSCO HOSPITAL FERNANDEZ	LATELA DOMINGO	CERVIÑO 3356	PERSONAS CON NECESIDADES ESPECIALES	Decreto 1553
94	Importe Variable	240.000,00	Pliegos nueva licitacion en trámite	PLAYA SUBTERRANEA E-08 - CHARCAS	AVENTURA EMPRENDIMIENTO S.A.	CHARCAS E & J SALGUERO & AV CNEL DIAZ	PLAYAS DE ESTACIONAMIENTO	1/10/2011
97	Importe Fijo	81.250,00	Decreto N° 453/GCBA/2013	PACHA BUENOS AIRES S.A.	PACHA BUENOS AIRES S.A.	AV RAFAEL OBLIGADO 6151	GASTRONOMICOS	31/12/2014
98	Importe Variable	Importe Variable	Otorgado por aplicación Ley Nac. 24308, Decreto 1553/GCBA/97, Decretk1151,574441 _DC,L•nNr	HOSPITAL GRAL DE AGUDOS JOSE M PENNA	ALFONSO NORA ELIDA	AV. ALMAFUERTE 408	PERSONAS CON NECESIDADES ESPECIALES	Decreto 1553
99	Importe Variable	Importe Variable	Otorgado por aplicación Ley Nac. 24308, Decreto 1553/GCBA/97, Decreto 1187/GCBA/08	KIOSCO HOSPITAL PENA	ALFONSO MARIA ELENA	PEDRO CHUTRO 3380	PERSONAS CON NECESIDADES ESPECIALES	Decreto 1553
102	Importe Variable	310.000,00	Pliegos nueva licitacion en trámite	PLAYA DE ESTACIONAMIENTO E-11 - PLAZA LAVALLE	PLAZA LAVALLE S.A. (RIVA S.A. - FONGEROLLE S.A.)	LIBERTAD & TALCAHUANO & VIAMONTE & TUCUMAN	PLAYAS DE ESTACIONAMIENTO	17/3/2012
107	Importe Variable	Importe Variable	Otorgado por aplicación Ley Nac. 24308, Decreto 1553/GCBA/97, Decreto 1187/GCBA/08	KIOSCO HOSPITAL GRAL DE AGUDOS DR C. ARGERICH	ZUCCONI MARIANO EDUARDO	PI Y MARGAL 750	PERSONAS CON NECESIDADES ESPECIALES	Decreto 1553
109	Importe Variable	Importe Variable	Otorgado por aplicación Ley Nac. 24308, Decreto 1553/GCBA/97, Decreto 11871GCBA/08	KIOSCO HOSPITAL DE AGUDOS ALVAREZ	CARLOS MARIA SCHWICK	ARANGUREN 2701	PERSONAS CON NECESIDADES ESPECIALES	Decreto 1553
110	Importe Variable	Importe Variable	Otorgado por aplicación Ley Nac. 24308, Decreto 1553/GCBA/97, Decreto 1187/GCBA/08	KIOSCO EDIFICIO DEL PLATA	GOMEZ MONICA ADRIANA	CARLOS PELEGRINI 211 1º PISO	PERSONAS CON NECESIDADES ESPECIALES	Decreto 1553
111	Importe Variable	Importe Variable	Otorgado por aplicación Ley Nac. 24308, Decreto 1553/GCBA/97, Decreto 1187/GCBA108	KIOSCO HALL CENTRAL HOSPITAL PIROVANO	MALDONADO ALCIRO	MONRROE 3551	PERSONAS CON NECESIDADES ESPECIALES	Decreto 1553
112	Importe Fijo	27.000,00	Decreto Desocupación Administrativa en trámite.	PIZZA BANANA	PECBEN S.A.	AV RAFAEL OBLIGADO 6201	GASTRONOMICOS	9/12/2011
113	Importe Variable	1.701,17	Otorgado por aplicación Ley Nac. 24308, Decreto 1553/GCBA/97, Decreto 1187/GCBA108	KIOSCO HOSPITAL TORNÚ	ALLEGRANZA RAMON ENRIQUE	AV. EX COMB. MALVINAS 3002	PERSONAS CON NECESIDADES ESPECIALES	Decreto 1553
117	Importe Variable	-	Otorgado por aplicación Ley Nac. 24308, Decreto 1553/GCBA/97, Decreto 1187/GCBA/08	KIOSCO HOSPITAL RAMOS MEJIA	GRIRO GABRIEL JOSE	GENERAL URQUIZA 609	PERSONAS CON NECESIDADES ESPECIALES	Decreto 1553
121	Importe Variable	3.000,00	Otorgado por Ley 4979	PARQUE RIBERA SUR	COOPERATIVA V.C.C.R. Y T.	AV. ROCA Y ESCALADA	DEPORTES	26/4/2016
124	Importe Variable	Importe Variable	Otorgado por aplicación Ley Nac. 24308, Decreto 1553/GCBA/97, Decreto 1187/GCBA/08	KIOSCO HOSPITAL GRAL DE NIÑOS PEDRO ELIZALDE	RONCHI LUCIA	AV MONTES DE OCA 40	PERSONAS CON NECESIDADES ESPECIALES	Decreto 1553
126	Importe Variable	Importe Variable	Otorgado por aplicación Ley Nac. 24308, Decreto 1553/GCBA/97, Decreto 1187/GCBA/08	KIOSCO HOSPITAL FERNANDEZ	LATELA DOMINGO	CERVIÑO 3356	PERSONAS CON NECESIDADES ESPECIALES	Decreto 1553
134	Importe Variable	Importe Variable	Otorgado por aplicación Ley Nac. 24308, Decreto 1553/GCBA/97, Decreto 1187/GCBA/08	KIOSCO HOSPITAL RAMOS MEJIA	GRIRO GABRIEL JOSE	GENERAL URQUIZA 609	PERSONAS CON NECESIDADES ESPECIALES	Decreto 1553
137	Importe Variable	Importe Variable	Otorgado por aplicación Ley Nac. 24308, Decreto 1553/GCBA/97, Decreto 1187/GCBA/08	HOSPITAL DE ODONTOLOGIA "RAMON CARRILLO" (EX-RIVADAVIA)	RAMIREZ JULIO ABEL	SANCHEZ DE BUSTAMANTE 2529	PERSONAS CON NECESIDADES ESPECIALES	Decreto 1553
142	Importe Variable	Importe Variable	Otorgado por aplicación Ley Nac. 24308, Decreto 1553/GCBA/97i Decreto 1187/GCBA/08	MINISTERIO DE DESARROLLO SOCIAL	LEDESMA CATALINA EDITH	ENTRE RIOS 1492 PTA. BAJA	PERSONAS CON NECESIDADES ESPECIALES	Decreto 1553
143	Importe Fijo	651,52	Otorgado por aplicación Ley Nac. 24308, Decreto 1553/GCBA/97, Decreto 11871GCBA/08	KIOSCO EDIFICIO DEL PLATA	GOMEZ MONICA ADRIANA	CARLOS PELEGRINI 211 1º PISO	PERSONAS CON NECESIDADES ESPECIALES	Decreto 1553
145	Importe Fijo	1.200,00	Decreto N°1274/2007	CALESITA PLAZA PALERMO VIEJO	LUCIA CAREW	MALABIA ENTRE NICARAGUA Y COSTA RICA - PZA. PALERMO VIEJO 1840	CALESITAS	20/3/2018
146	Importe Fijo	1.200,00	Decreto N°1274/2007	CALESITA PLAZA ARENALES	ADELINO LUIS DA COSTA	NUEVA YORK ENTRE MERCEDES Y CHIVILICOY - PLAZA ARENALES	CALESITAS	20/3/2018
147	Gratuito	Gratuito	Convenio suscripto por el Ministro de Cultura y el representante de UNICÉFF2WW11~-del-fáj19:jirritina	CENTRO CULTURAL RECOLETA - PLANTA. BAJA Y ENTREPISO	UNICEF	JUNIN 1940 - CENTRO CULTURAL RECOLETA	VARIOS	8/11/2015
148	Importe Fijo	15.697,03	Decreto Desocupación Administrativa en trámite.	LOCAL NC - BAHAMAS	PECBEN S.A.	RAFAEL OBLIGADO 7070	GASTRONOMICOS	15/11/2012
149	Importe Fijo	10.000,00	Permiso Ley 3399	KIOSCO ESPIGON ABANICO	INTERSERVICE SERVICIOS EMPRESARIOS S.A.	AV. RAFAEL OBLIGADO 6745	GASTRONOMICOS	10/12/2015
166	Gratuitos a Cooperadoras	Gratuitos a Cooperadoras	Ordenanza 35514	COLEGIO NICOLAS AVELLANEDA - DEN° 9	ASOC. COOPERADORA COLEGIO NICOLAS AVELLANEDA	EL SALVADOR 5528	COOPERADORA	
167	Gratuitos a Cooperadoras	Gratuitos a Cooperadoras	Ordenanza 35514	LICEO FRAY MAMERTO ESQUIU - DEN° 8	ASOC. COOPERADORA LICEO NRO 12 FRAY M ESQUIU	JOSE MARIA MORENO 345	COOPERADORA	
170	Gratuitos a Cooperadoras	Gratuitos a Cooperadoras	Ordenanza 35514	E. DE COM. GABRIELA MISTRAL- DEN° 7	COOPERADORA DE E. DE COM. GABRIELA MISTRAL	JULIAN ALVAREZ 123	COOPERADORA	
174	Gratuitos a Cooperadoras	Gratuitos a Cooperadoras	Ordenanza 35514	ASOC. COOPERADORA REPUBLICA DEL PARAGUAY	ASOC. COOPERADORA REPUBLICA DEL PARAGUAY	AGRELO 3231	COOPERADORA	
175	Gratuitos a Cooperadoras	Gratuitos a Cooperadoras	Ordenanza 35514	E. TEC. BDIER. GRAL. C. SAAVEDRA - DEN° 13	COOPERADORA DE E. TEC. BDIER. GRAL. C. SAAVEDRA	LACARRA 535	COOPERADORA	
176	Gratuitos a Cooperadoras	Gratuitos a Cooperadoras	Ordenanza 35514	E. TECNICA ING EDUARDO LATZINA - DEN 18	ASOC. COOP. GOTTLIEB DAIMLER	LOPE DE VEGA 2150	COOPERADORA	
177	Gratuitos a Cooperadoras	Gratuitos a Cooperadoras	Ordenanza 35514	ESC. DE COM. JOSE INGENIEROS - DEN° 11	ASOC. COOP. DE LA ESC. DE COM. JOSE INGENIEROS	CNEL RAMON L FALCON 2248	COOPERADORA	
178	Gratuitos a Cooperadoras	Gratuitos a Cooperadoras	Ordenanza 35514	COOP. ESC. ING. OTTO KRAUSE ET1	COOPERADORA DE E. TECNICA ING. OTTO KRAUSE	AVDA. PASEO COLON 560	COOPERADORA	
180	Gratuitos a Cooperadoras	Gratuitos a Cooperadoras	Ordenanza 35514	E. DE COM. DRA. CECILIA GRIERSON - DEN° 15	COOPERADORA DE E. DE COM. DRA. CECILIA GRIERSON	VALDENEGRO 3523	COOPERADORA	
181	Gratuitos a Cooperadoras	Gratuitos a Cooperadoras	Ordenanza 35514	ESCUELA DE DANZAS JORGE DONN	ASOC. COOP. ALICIA M. DE JUSTO	A. M. CERVANTES 5068	COOPERADORA	
183	Gratuitos a Cooperadoras	Gratuitos a Cooperadoras	Ordenanza 35514	CENTRO DE FORMACIÓN PROFESIONAL N° 24 - DEN° 12	COOPERADORA DE TRABAJO - "EL PROFESIONAL LTDA"	GRAL. ARTIGAS 690	COOPERADORA	
185	Gratuitos a Cooperadoras	Gratuitos a Cooperadoras	Ordenanza 35514	E.N.S. GRAL. M. M. DE GUEMES - DEN° 5	ASOC. COOP. ESC. NORMAL NRO5 GRAL MARTIN DE GUEMES	ARCAMENDIA 743	COOPERADORA	
187	Gratuitos Asoc. Civiles	Gratuitos Asoc. Civiles	Otorgado por Ley 4158/12	ESPACIO EN HOGAR RESPIRATORIO DEPEND. DEL HTAL. MARIA FERRER	FUNDACION VITRA	MONTE DE OCA 110 1ER PISO	VARIOS	Ley 4158/12
188	Importe Fijo	6.000,00	EX 69271/1998/MGEYA	ANTENA LS1 RADIO CIUDAD	RADIO JAI	PARQUE DE LA CIUDAD - Avda. Escalada 4501	VARIOS	3/1/2012
192	Gratuitos a Cooperadoras	Gratuitos a Cooperadoras	Ordenanza 35514 	E. TEC. ING. ENRIQUE M. HERMITTE - DEN° 9	COOPERADORA DE E. TEC. ING. ENRIQUE M. HERMITTE	LOYOLA 1500	COOPERADORA	
197	Gratuitos a Cooperadoras	Gratuitos a Cooperadoras	Ordenanza 35514	E, TEC. ING. JOSE LUIS DELFINI - DEN° 21	ASOC COOPERADORA DE E. P. CNEL. MAYOR I. ALVAREZ THOMAS	TERRADA 3983	COOPERADORA	
198	Gratuitos a Cooperadoras	Gratuitos a Cooperadoras	Ordenanza 35514	COLEGIO BERNARDINO RIVADAVIA - DEN° 3	ASOC. COOP. DEL COLEGIO NAC. B . RIVADAVIA	AVDA. SAN JUAN 1545	COOPERADORA	
199	Gratuitos a Cooperadoras	Gratuitos a Cooperadoras	Ordenanza 35514	E. MUNICIPAL DE DANZAS - DEN° 20	ASOC. COOP DE E. MUNICIPAL DE DANZAS	FONROUGE 711 - PIERES 256	COOPERADORA	
200	Gratuitos a Cooperadoras	Gratuitos a Cooperadoras	Ordenanza 35514	E, TEC. ESPAÑA - DEN° 17	ASOC. COOP. DE E. TEC. ESPAÑA	CONCORDIA 3555	COOPERADORA	
201	Gratuitos a Cooperadoras	Gratuitos a Cooperadoras	Ordenanza 35514	E. DE COMERCIO JUAN XXIII - DEN° 21	ASOC. COOP. JUAN XXIII	AQUINO 6040	COOPERADORA	
205	Gratuitos a Cooperadoras	Gratuitos a Cooperadoras	Ordenanza 35514	#N/A	#N/A	#N/A	#N/A	#N/A
206	Gratuitos a Cooperadoras	Gratuitos a Cooperadoras	Ordenanza 35514	E. DE COM. AMERICA - DEN° 13	COOPERADORA DE E. DE COM. AMERICA	AV. DELLEPIANE Y AV. ESCALADA	COOPERADORA	
210	Gratuitos a Cooperadoras	Gratuitos a Cooperadoras	Ordenanza 35514	COLEGIO RECONQUISTA Y LICEO N° 11 D.E. N° 15	COOPERADORA DE COLEGIO RECONQUISTA Y LICEO Nº 11	AV TRIUNVIRATO 4992	COOPERADORA	
211	Gratuitos a Cooperadoras	Gratuitos a Cooperadoras	Ordenanza 35514	PRIM. N° 18 JORGE NEWBERY	ASOC. COOP. DE LA ECUELA Nº 18 D.E. Nº 21	AV ROCA PUERTA 9 - AUTODROMO	COOPERADORA	
212	Gratuitos a Cooperadoras	Gratuitos a Cooperadoras	Ordenanza 35514	E. DE CERÁMICA FERNANDO ARRANZ - DEN° 18	ASOC. COOP. PROF. VICENTE PUIG	A. M. CERVANTES 5068	COOPERADORA	
214	Gratuitos a Cooperadoras	Gratuitos a Cooperadoras	Ordenanza 35514	INST. DE DEPORTES - DEN° 10	ASOC. COOP. ISEF DR. E. ROMERO BREST	CRISÓLOGO LARRALDE 1050	COOPERADORA	
215	Gratuitos a Cooperadoras	Gratuitos a Cooperadoras	Ordenanza 35514	I.E.S. DRA MOREAU DE JUSTO - DEN° 1	ASOC. COOPERADORA IES DRA MOREAU DE JUSTO	AVDA. CORDOBA 2016	COOPERADORA	
216	Gratuitos a Cooperadoras	Gratuitos a Cooperadoras	Ordenanza 35514	E. DE COM. NACIONES UNIDAS - DEN° 9	ASOC. COOP. ESCUELA DE COMERCIO NRO 31 DE 9	ANGEL CARRANZA 2045	COOPERADORA	
217	Gratuitos a Cooperadoras	Gratuitos a Cooperadoras	Ordenanza 35514	E. P. VICENTE FIDEL LOPEZ - DEN° 9	ASOC. COOPERADORA DR VICENTE LOPEZ	AV. SANTA FE 5039	COOPERADORA	
216	Gratuitos a Cooperadoras	Gratuitos a Cooperadoras	Ordenanza 35514	CENTRO DE FORMACIÓN PROFESIONAL N° 7 - DEN° 10	COOPERADORA DEL CENTRO DE FORMACIÓN PROFESIONAL Nº 7	RAMSAY 2250	COOPERADORA	
220	Gratuitos a Cooperadoras	Gratuitos a Cooperadoras	Ordenanza 35514	E. TEC. FRAY LUIS BELTRAN - DEN° 6	ASOC COOP DE E. TEC. FRAY LUIS BELTRAN	AVDA. JUJUY 780	COOPERADORA	
222	Gratuitos a Cooperadoras	Gratuitos a Cooperadoras	Ordenanza 35514	INSTITUTO SUP. DE EDUCACIÓN INC. S. ECCLESTON - DEN° 9	ASOC. COOP. DE INSTITUTO SUP. DE EDUCACIÓN INC. S. ECCLESTON	AVDA. DORREGO 3751	COOPERADORA	
223	Gratuitos Asao. Civiles	Gratuitos Asoc. Civiles	Ley 2250/06 	PREDIO CALLES VALDENEGRO Y MILLER	CENTRO RECREATIVO SAAVEDRA DE JUBILADOS Y PENSIONADOS	CRISOLOGO LARRALDE & VALDENEGRO	DEPORTES	14/12/2026
224	Gratuitos a Cooperadoras	Gratuitos a Cooperadoras	Ordenanza 35514	E. DE EDUCACIÓN MEDIA N° 3 - DEN° 17	ASOC COOP DE E. DE EDUCACIÓN MEDIA Nº 3	MERCEDES 4002	COOPERADORA	
225	Gratuitos a Cooperadoras	Gratuitos a Cooperadoras	Ordenanza 35514	E. TEC. RAGGIO, N° 2 - DEN° 10	ASOC COOP DE E. TEC. RAGGIO, Nº 2	AVDA. LIBERTADOR 8651	COOPERADORA	
226	Gratuitos a Cooperadoras	Gratuitos a Cooperadoras	Ordenanza 35514	E. DE COM. DR. A. BERMEJO - DEN° 1	ASOC. COOP. DE E. DE COM. DR. A. BERMEJO	RIOBAMBA 623	COOPERADORA	
228	Gratuitos a Cooperadoras	Gratuitos a Cooperadoras	Ordenanza 35514	E. DE EDUC. MEDIA N° 1 - DEN° 16	COOPERADORA DE E. DE EDUC. MEDIA Nº 1	ARGERICH 5651	COOPERADORA	
229	Gratuitos a Cooperadoras	Gratuitos a Cooperadoras	Ordenanza 35514	COLEGIO JULIO ARGENTINO ROCA - DEN° 10	ASOC. COOP. DE COLEGIO JULIO ARGENTINO ROCA	ZUBERBULHER 1850	COOPERADORA	
230	Gratuitos a Cooperadoras	Gratuitos a Cooperadoras	Ordenanza 35514	E. MEDIA PRIMERA JUNTA - DEN° 7	COOPERADORA DE E. MEDIA PRIMERA JUNTA	AVDA. RIVADAVIA 5161	COOPERADORA	
231	Gratuitos a Cooperadoras	Gratuitos a Cooperadoras	Ordenanza 35514	E. MUNICIPAL TÉCNICA REPÚBLICA FRANCESA • DEN° 10	ASOC. COOP. ET NRO 28 DE 19 REPUBLICA FRANCESA	CUBA 2410	COOPERADORA	
233	Gratuitos a Cooperadoras	Gratuitos a Cooperadoras	Ordenanza 35514	E. TEC. MTZA. DEL PLUMERILLO - DEN° 19	ASOC. COOPERADORA DE E. TÉCNICA MTZA. DEL PLUMERILLO	AV. INT. FCO. RABANAL 1549	COOPERADORA	
234	Gratuitos a Cooperadoras	Gratuitos a Cooperadoras	Ordenanza 35514	E. DE COMERCIO MAIPU - DEN° 18	COOPERADORA DE E. DE COMERCIO MAIPU	ALVAREZ JONTE 5075	COOPERADORA	
235	Gratuitos a Cooperadoras	Gratuitos a Cooperadoras	Ordenanza 35514	E. TEC. FRAY LUIS BELTRAN - DEN° 5	ASOC. COOP. FRAY LUIS BELTRAN	VIEYTES 942	COOPERADORA	
236	Gratuitos a Cooperadoras	Gratuitos a Cooperadoras	Ordenanza 35514	E. TECNICA DEFENSA DE BUENOS AIRES - DEN° 17	ASOC. COOP. ENET NRO 24 DEFENSA DE BS AS	RICARDO GUTIERREZ 3246	COOPERADORA	
238	Gratuitos a Cooperadoras	Gratuitos a Cooperadoras	Ordenanza 35514	E. TEC. PAULA A. DE SARMIENTO - DEN° 13	COOPERADORA DE E. TEC. PAULA A. DE SARMIENTO	PJE. COLLIVADINO 436	COOPERADORA	
239	Gratuitos a Cooperadoras	Gratuitos a Cooperadoras	Ordenanza 35514	E. NORMAL SUPERIOR MARIANO ACOSTA - DEN° 6	Asoc coop de la en mariano acosta	GRAL. URQUIZA 277	COOPERADORA	
240	Gratuitos a Cooperadoras	Gratuitos a Cooperadoras	Ordenanza 35514	E. TEC. MANUEL BELGRANO - DEN° 6	COOPERADORA DE E. TEC. MANUEL BELGRANO	COCHABAMBA 2830	COOPERADORA	
242	Gratuitos a Organismos Oficiales	Gratuitos a Organismos Oficiales	Afectado a Organismos oficiales	BAJO AUTOPISTA 6 - 602	MINISTERIO DE AMBIENTE Y ESPACIO PUBLICO	TANDÍL - OLIVERA - AMEGHINO	LOCALES BAJO AUTOPISTA	
243	Importe Fijo	6.500,00	Permiso Ley 3399. LICITACIÓN EN TRAMITE	BAJO AUTOPISTA 6 - 603A	VITURRO DIEGO ALEJANDRO	OLIVERA - DIRECTORIO	PLAYAS DE ESTACIONAMIENTO	29/9/2014
244	Importe Fijo	10.798,21	Permiso Ley 3399. LICITACIÓN EN TRAMITE	BAJO AUTOPISTA 6 - 604	NORMA CLAUDIA BIDEGAIN	DIRECTORIO - CHASCOMÚS	DEPORTES	29/9/2014
245	Gratuitos a Organismos Oficiales	Gratuitos a Organismos Oficiales	Afectado a Organismos oficiales	BAJO AUTOPISTA 6 - 605	POLICÍA FEDERAL	CHASCOMÚS - RODÓ - MOZART	LOCALES BAJO AUTOPISTA	N/A
246	Gratuitos a Organismos Oficiales	Gratuitos a Organismos Oficiales	Afectado a Organismosir°8-i0-9/960854- -DGCONC	BAJO AUTOPISTA 6 - 606A	GCBA	RODÓ HACIA TAPALQUE	LOCALES BAJO AUTOPISTA	N/A
247	Importe Fijo	50.025,00	Permiso Ley 3399. LICITACIÓN EN TRAMITE	BAJO AUTOPISTA 6 - 606B/607	SUPERMERCADO MAYORISTA YAGUAR SA.	J.B. ALBERDI - TAPALQUÉ Y TAPALQUÉ - RODÓ	PREDIOS COMERCIALES	29/9/2014
249	Gratuitos Asoc. Civiles / Empresas	Gratuitos Asoc. Civiles / Empresas	PERMISO OTORGADO POR LEY 4478/12 POR EL TÉRMINO DE 10 AÑOS	BAJO AUTOPISTA 6 - 608A	FUNDACIÓN NUEVA GENERACIÓN DEL DEPORTE	J. B. ALBERDI - ZELADA	LOCALES BAJO AUTOPISTA	19/12/2022
250	Gratuitos a Cooperadoras	Gratuitos a Cooperadoras	Ordenanza 35514	HOSPITAL MARIA FERRER	EMPRESA SGF S.R.L. - TELEVISION POR TIEMPO	DOCTOR ENRIQUE FINOCHIETTO 849	COOPERADORA	
251	GRATUITO	GRATUITO	SE ESTÁ ANALIZANDO EN LA LEGISLATURA EL INGRESO DE PROYECTO DE LEY	BAJO AUTOPISTA 6 - 608B	CTRO JUBILADOS SAN MIGUEL ARCANGEL ASOCIACION CIVIL	ZELADA - J. B. ALBERDI	PREDIOS COMERCIALES	29/09/2009.
254	Gratuitos a Organismos Oficiales	Gratuitos a Organismos Oficiales	Afectado a Organismos oficiales	BAJO AUTOPISTA 6 - 609B	AUSA	ZELADA - CAXARAVILLE	LOCALES BAJO AUTOPISTA	
256	Gratuitos a Organismos Oficiales	Gratuitos a Organismos Oficiales	Afectado a Organismos oficiales	BAJO AUTOPISTA 6 - 611A	POLICÍA FEDERAL	RAFAELA - RAMÓN FALCÓN	LOCALES BAJO AUTOPISTA	
257	Gratuitos Asoc. Civiles	Gratuitos Asoc. Civiles	OTORGADO POR LEY 2546/07 POR EL TÉRMINO DE 10 AÑOS	BAJO AUTOPISTA 6 - 611B	ASOC. CENTRO JUBILADOS Y PENSIONADOS "VILLA LURO CENTRAL"	FALCÓN - RAFAELA	LOCALES BAJO AUTOPISTA	1/5/2017
258	Importe Fijo	16.500,00	Permiso Ley 3399. PREDIO DESTINADO A PLAYA DE ACARREO - SIST. ESTREGULADO -LEY 4888 Y 5126	BAJO AUTOPISTA 6 - 612A	ESTACIONAMIENTO RAMÓN FALCÓN S.A.	RAMÓN FALCÓN - RIVADAVIA	PLAYAS DE ESTACIONAMIENTO	29/9/2014
261	Importe Fijo	14.000,00	Permiso Ley 3399. CON LICITACIÓN EN TRÁMITE	BAJO AUTOPISTA 6 - 613B	BUENOS AIRES ENTRETENIMIENTOS	RIVADAVIA - CALDERÓN	DEPORTES	29/9/2014
262	Gratuitos Asoc. Civiles / Empresas	Gratuitos Asoc. Civiles / Empresas	OTORGADO POR LEY 3193/09 POR EL TÉRMINO DE 10 AÑOS	BAJO AUTOPISTA 6 - 614A	CTRO. DE JUBILADOS LA AMISTAD	CALDERÓN - MILTON. ACCESO POR YERBAL 5025	LOCALES BAJO AUTOPISTA	17/9/2019
263	Gratuitos a Organismos Oficiales	Gratuitos a Organismos Oficiales	Titularidad Estado Nacional	BAJO AUTOPISTA 6 - 614B	FFCC	MILTON Y YERBAL PREDIO ESQUINA.	LOCALES BAJO AUTOPISTA	
264	Gratuitos a Organismos Oficiales	Gratuitos a Organismos Oficiales	Titularidad Estado Nacional	BAJO AUTOPISTA 6 - 615	FFCC.	MILTON - LOPE DE VEGA	LOCALES BAJO AUTOPISTA	
265	Importe Fijo	7.500,00	ATP Hasta tanto se resuelva conflicto por ocupación indebida en via pública	BAJO AUTOPISTA 6 - 616	CASTCOMERCIAL S.R.L	LOPE DE VEGA - VIRGILIO	PLAYAS DE ESTACIONAMIENTO	23/6/2013
266	Gratuitos a Organismos Oficiales	Gratuitos a Organismos Oficiales	Afectado a Organismos oficiales	BAJO AUTOPISTA 1 - 101	G.C.B.A.	HUERGO-AZOPARDO	LOCALES BAJO AUTOPISTA	
267	Gratuitos a Organismos Oficiales	Gratuitos a Organismos Oficiales	Titularidad Estado Nacional sil' a ill•	BAJO AUTOPISTA 6 - 617	FFCC	VIRGILIO - MOLIERE	LOCALES BAJO AUTOPISTA	
268	Gratuitos a Organismos Oficiales	Gratuitos a Organismos Oficiales	Titularidad Estado Nacional	BAJO AUTOPISTA 6 - 618	FFCC	MOLIERE - VÍCTOR HUGO Y VICTOR HUGO - MOLIERE	LOCALES BAJO AUTOPISTA	
269	Gratuitos a Organismos Oficiales	Gratuitos a Organismos Oficiales	Afectado a Organismos oficiales	BAJO AUTOPISTA 1 - 102	G.C.B.A.	AZOPARDO-PASEO COLON	LOCALES BAJO AUTOPISTA	
270	Gratuitos a Organismos Oficiales	Gratuitos a Organismos Oficiales	Titularidad Estado Nacional	BAJO AUTOPISTA 6 - 619	FFCC.	ENTRE VICTOR HUGO Y CORTINA POR BACACAY.	LOCALES BAJO AUTOPISTA	
271	Gratuitos a Organismos Oficiales	Gratuitos a Organismos Oficiales	Afectado a Organismos oficiales Predio lindero bajo órbita DGAB	BAJO AUTOPISTA 6 - 620	GCBA	CORTINA - IRIGOYEN	LOCALES BAJO AUTOPISTA	
274	Desocupado	Desocupado	Al cuidado de los vecinos con proyecto de ser transferido a la Comuna para ser destinado a espacio verde	BAJO AUTOPISTA 6 - 622B	SCOUT DE ARGENTINA.-	BARRAGÁN 287	LOCALES BAJO AUTOPISTA	
275	Importe Fijo	5.290,00	PREDIO DESTINADO A PLAYA DE ACARREO - SIST. EST. MEDIDO LEY 4888 y 5126	BAJO AUTOPISTA 6 - 623	ARIAUDO MONICA ELSA	BARRAGÁN - GALLARDO - MADERO	PLAYAS DE ESTACIONAMIENTO	31/8/2010
277	Gratuitos Asoc. Civiles	Gratuitos Asoc. Civiles	OTORGADO POR LEY 4704/13 POR EL TÉRMINO DE 20 AÑOS	BAJO AUTOPISTA 6 - 624B	CENTRO DE JUBILADOS VOLVER A VIVIR	MADERO - GALLARDO SOBRE RESERVISTAS ARGENTINOS	LOCALES BAJO AUTOPISTA	Ley aún no publicada
279	Importe Fijo	11.000,00	Permiso Ley 3399. LICITACIÓN EN TRAMITE	BAJO AUTOPISTA 6 - 626	GANA COMPLEJO DEPORTIVO S.A.	MADERO - GANA	DEPORTES	29/9/2014
280	Importe Fijo	25.800,00	La Licitación comenzará una vez que se concrete el cargo impuesto de extracción de tanques de combustible y remediación de suelos	BAJO AUTOPISTA 6 - 627	GASOLEO S.A.	GANA - CUZCO	PREDIOS COMERCIALES	29/9/2014
281	Gratuitos Asoc.Civiles	Gratuitos Asoc. Civiles	Ley 4117/11	CLUB MANUEL BELGRANO	CLUB MANUEL BELGRANO	CRISOLOGO LARRALDE 5255 y AV TRIUNVIRATO	DEPORTES	6/12/1931
282	Gratuitos a Organismos Oficiales	Gratuitos a Organismos Oficiales	Afectado a Organismos oficiales	BAJO AUTOPISTA 6 - 628	GCBA	CUZCO - GRAL. PAZ	LOCALES BAJO AUTOPISTA	
292	Importe Variable	45.000,00	Celebrado por CBAS. Naturaleza Juridica en Analisis EX 982273/2011/MGEYA. Revocación en Curso	AUTODROMO DE LA CIUDAD DE BUENOS AIRES "OSCAR Y JUAN GALVEZ"	ACBA S.A.	AV GENERAL PAZ & CORONEL ROCA & CALLE ESCALADA & CALLE 27 DE	DEPORTES	31/3/2016
293	Gratuitos a Cooperadoras	Gratuitos a Cooperadoras	Ordenanza 48467	POLIDEPORTIVO MANUELA PEDRAZA	COMISION ESPEC. POLIDEPORTIVO MANUELA PEDRAZA	AV CRAMER 3249	DEPORTES	7/12/2016
295	Gratuitos Asoc.Civiles	Gratuitos Asoc. Civiles	Análisis situación ocupacional	PLAZA JOSE C PAZ	AMIGOS PLAZA JOSE C PAZ	JOSE C PAZ & DIOGENES TABORDA	VARIOS	
299	Gratuitos a Cooperadoras	Gratuitos a Cooperadoras	Ordenanza 35514 1P-9(115-(1796OR54- -nc,coNr	HOSPITAL DR. BRAULIO A MOYANO	ASOCIACION COOPERADORA DEL HOSPITAL DR. BRAULIO A MOYANO	BRANDSEN 2570	COOPERADORA	
300	Gratuitos Asoc. Civiles /	Gratuitos Asoc. Civiles / mpresas Empresas	Ley 1042/03	CLUB ATLETICO BARRACAS JUNIORS	CLUB ATLETICO BARRACAS JUNIORS	AV GRAL HORNOS 1850	DEPORTES	31/12/2021
317	Gratuitos a Organismos Oficiales	Gratuitos a Organismos Oficiales	Afectado a Organismos oficiales	BAJO AUTOPISTA 6 - 600	G.C.B.A.	ENLACE HASTA REMEDIOS	LOCALES BAJO AUTOPISTA	
318	Gratuitos a Organismos Oficiales	Gratuitos a Organismos Oficiales	Afectado a Organismos oficiales	BAJO AUTOPISTA 6 - 601	G.C.B.A.	REMEDIOS - TANDÍL - MORETO	LOCALES BAJO AUTOPISTA	
319	Gratuitos a Organismos Oficiales	Gratuitos a Organismos Oficiales	Afectado a Organismos oficiales	BAJO AUTOPISTA 1 - 103A	G.C.B.A	BALCARCE-PASEO COLON	LOCALES BAJO AUTOPISTA	
 320	Gratuitos a Organismos Oficiales	Gratuitos a Organismos Oficiales	Afectado a Organismos oficiales	BAJO AUTOPISTA 1 - 103B	G.C.B.A	BALCARCE-PASEO COLON	LOCALES BAJO AUTOPISTA	
323	Gratuitos a Cooperadoras	Gratuitos a Cooperadoras	Ordenanza 35514	HOSPITAL DE ENFERMEDADES INFECCIOSAS DR. F MUÑIZ	ASOC. COOP. DEL HTAL DE ENFERMEDADES INFECCIOSAS DR. F.MUÑIZ	USPALLATA 2272	COOPERADORA	
337	Contraprestación		Afectado a proyecto urbanístico	PLAYA DE ESTACIONAMIENTO A NIVEL	FACULTAD DE DERECHO - UBA	JUAN A BIBILONI & EDUARDO JUAN COUTURE	PLAYAS DE ESTACIONAMIENTO	
341	Gratuitos a Cooperadoras	Gratuitos a Cooperadoras	Ordenanza 35514	HOSPITAL GRAL. DE AGUDOS DR. TODORO ALVAREZ	ASOC. COOP. DEL HTAL GRAL. DE AGUDOS DR. TODORO ALVAREZ	DOCTOR JUAN FELIPE ARANGUREN 2701	COOPERADORA	
352	Gratuitos Asoc. Civiles	Gratuitos Asoc. Civiles	Club Obras recuperó tenencia por medida cautelar Autos Arnal Ghiglia c/ GCBA y otros. Pend de Resolución de alzada	CANCHAS DE TENIS (OBRAS SANITARIAS DE LA NACION)	CLUB ATLETICO OBRAS SANITARIAS DE LA NACION	AV FIGUEROA ALCORTA 7350	DEPORTES	4/9/2006
354	Importe Variable	Importe Variable	Otorgado por aplicación Ley Nac. 24308, Decreto 1553/GCBA/97, Decreto 1187/GCBA/08	KIOSCO HOSPITAL UDAONDO	MEDINA ERMELINDA	AV. CASEROS 2061	PERSONAS CON NECESIDADES ESPECIALES	Decreto 1553
362	Contraprestación por realización de obra	Contraprestación por realización de obra	RES-2081-MHGC-07, EXP-17922-MGEYA-2003 LEY 17.520 - RESOLUCION N 2081-MHGC-07- DECRETO N° 225/GCBA/97	PLAYA DE ESTAC. SUB. - ''E-04" "SANTA FE"	PLURINCO ARGENTINA S.A.	AV . Santa Fe 730 (ENTRE MAIPU Y FLORIDA)	PLAYAS DE ESTACIONAMIENTO	22/9/2017
368	Importe Fijo	237.858,76	EXP-21631-MGEYA-2006. RES-636-SHyF-2006. RES 2675-MHGC-2007. RESOLUCION N° 262-MDEGC08. RESOLUCION N° 866/MDEGC/12	PLAYA DE ESTAC. SUBT. "INT. ALVEAR'' Y ANEXOS	PLAZA INT ALVEAR S.A.	AV 9 DE JULIO & POSADAS	PLAYAS DE ESTACIONAMIENTO	31/12/2021
370	Gratuitos a Cooperadoras	Gratuitos a Cooperadoras	Ordenanza 35514	HOSPITAL MARIA CURIE	ASOC. COOP. DEL HOSPITAL MARIA CURIE	AV. PATRICIAS ARGENTINAS 750	COOPERADORA	
371	Gratuitos Asoc. Civiles / Empresas	Gratuitos Asoc. Civiles / Empresas	Permiso revocado por Decreto 962/08 Por Decr.620/09 se desestimó recurso- Exp 90342/07 remision a la Procuracion General prosecución de la desocupación por la via judicial	PLAYA DE ESTACIONAMIENTO AV DORREGO & AV DEL LIBERTADOR	HIPODROMO ARGENTINO DE PALERMO SA	AV DORREGO 3503 & AV DEL LIBERTADOR	PLAYAS DE ESTACIONAMIENTO	4/8/2008
373	Gratuitos a Cooperadoras	Gratuitos a Cooperadoras	Ordenanza 35514 IF-2015-07960854- -DGCONC	HOSPITAL DE GASTERONTOLOGÍA DR. UDAONDO	ASOC. COOP. DEL HOSPITAL DE GASTERONTOLOGÍA DR. UDAONDO	AV. CASEROS 2061	COOPERADORA	
374	Gratuitos a Cooperadoras	Gratuitos a Cooperadoras	Ordenanza 35514	HOSPITAL INFANTO JUVENIL DRA. CAROLINA TOBAR GARCIASPITAL	ASOC. COOP. DEL HOSPITAL INFANTO JUVENIL DRA. CAROLINA TOBAR	-RAMON CARRILLO 315	COOPERADORA	
388	Importe Variable	Importe Variable	Otorgado por Ley 3730/10	PARQUE JORGE NEWBERY	CLUB DE AMIGOS ASOCIACION CIVIL	AV. PTE. FIGUEROA ALCORTA, AV. SARMIENTO Y AV. CASARES	DEPORTES	2/9/2022
392	Contraprestación por realización de obra	Contraprestación por realización de obra	Resolucion N° 1735-MHGC-07, Decreto N° 225. Decreto N° 144/GCBa/2012.	#N/A	#N/A	#N/A	#N/A	#N/A
393	Importe Fijo	O (pagó canon anticipado)	Resolución Conjunta N° 160-MDEGC-MDUGC/11. Resolución Conjunta N° 092-MDEGC-MJGGC/13, se prorrogó la concesión por el plazo de 94 días.	PLAYA SUBTERRANEA - "E-01". "BOUCHARD"	PLAYAS SUBTERRANEAS S.A.	Av. LEANDRO N. ALEM, TTE. GRAL. JUAN D. PERON, BOUCHARD Y SARMIENTO	PLAYAS DE ESTACIONAMIENTO	12/8/2016
397	Importe Fijo	30	Otorgado por aplicación Ley Nac. 24308, Decreto 1553/GCBA/97, Decreto 1187/GCBA/08	HOGAR RESPIRATORIO MARIA FERRER	BUTTLER NORBERTO	AV MONTES DE OCA 140	PERSONAS CON NECESIDADES ESPECIALES	Decreto 1553
400	Gratuitos a Cooperadoras	Gratuitos a Cooperadoras	Ordenanza 35514	HOSPITAL GENERAL DE AGUDOS DR. JUAN A FERNANDEZ	ASOC. COOP. DEL HTAL GENERAL DE AGUDOS DR. JUAN A FERNANDEZ	CERVIÑO 3356	COOPERADORA	
403	Importe Fijo	55.000,00	Permiso Ley 3399	EL PALACIO DE LA PAPA FRITA	LAVALLE 735 S.A.	AV. RAFAEL OBLIGADO 7180	GASTRONOMICOS	10/12/2015
406	Gratuitos a Cooperadoras	Gratuitos a Cooperadoras	Ordenanza 35514	HOSPITAL PIROVANO	ASOC. COOP. DEL HOSPITAL PIROVANO	MONROE 3555	COOPERADORA	
408	Gratuitos Asoc. Civiles	Gratuitos Asoc. Civiles	Por Ordenanza N° 50.312/CJD/95, vetada por decreto N° 16/96 e insistida por la Ordenanza N° 52.263, se concedió a la Liga Amateur de Fútbol de Flores el uso del predio sin cargo por el término de 20 años.	LIGA AMATEUR DE FUTBOL DE FLORES	LIGA AMATEUR DE FUTBOL DE FLORES	CASTAÑARES 4125	VARIOS	7/12/2015
409	Gratuitos a Cooperadoras	Gratuitos a Cooperadoras	Ordenanza 35514	HOSPITAL BERNARDINO RIVADAVIA	ASOCIACION COOPERADORA DEL HOSPITAL BERNARDINO RIVADAVIA	AV. GRAL. LAS HERAS 2670	COOPERADORA	
418	Gratuitos a Cooperadoras	Gratuitos a Cooperadoras	Ordenanza 35514	HOSPITAL DE OFTALMOLOGIA SANTA LUCIA	ASOCIACION COOPERADORA DEL HTAL DE OFTAMOLOGIA SANTA LUCIA	SAN JUAN 2021	COOPERADORA	
421	Gratuitos a Cooperadoras	Gratuitos a Cooperadoras	Ordenanza 35514	HOSPITAL DE AGUDOS DR. PARMENIO PIÑEIRO	ASOC. COOP. DEL HTAL DE AGUDOS DR. PARMENIO PIÑEIRO	VARELA 1301	COOPERADORA	
422	Gratuitos a Cooperadoras	Gratuitos a Cooperadoras	Ordenanza 35514 IF-2015-07960854- -DGCONC	HOSPITAL DR. JOSE T. BORDA	ASOCIACION COOPERADORA DEL HOSPITAL DR. JOSE T. BORDA	RAMON CARDILLO 375	COOPERADORA	
423	Gratuitos a Cooperadoras	Gratuitos a Cooperadoras	Ordenanza 35514	HOSPITAL DE NIÑOS DR. RICARDO GUTIERREZ	ASOC. COOP. DEL HTAL. DE NIÑOS DR. RICARDO GUTIERREZ	SANCHEZ DE BUSTAMANTE 1399	COOPERADORA	
424	Gratuitos a Cooperadoras	Gratuitos a Cooperadoras	Ordenanza 35514	HOSPITAL GENERAL DE AGUDOS COSME ARGERICH	ASOCIACION COOPERADORA DEL HOSPITAL GENERAL DE AGUDOS COSME	CORBETA PI Y MARGAL 750	COOPERADORA	
427	Gratuitos a Cooperadoras	Gratuitos a Cooperadoras	Ordenanza 35514	HOSPITAL GENERAL DE AGUDOS C.G. DURAND	ASOC. COOP. DEL HOSPITAL GENERAL DE AGUDOS C.G. DURAND	DIAZ VELEZ 5044	COOPERADORA	
428	Gratuitos a Cooperadoras	Gratuitos a Cooperadoras	Ordenanza 35514	HOSPITAL RAMOS MEJIA	ASOCIACION COOPERADORA DEL HOSPITAL RAMOS MEJIA	GRAL. URQUIZA 609	COOPERADORA	
429	Gratuitos a Cooperadoras	Gratuitos a Cooperadoras	Ordenanza 35514	HOSPITAL DE AGUDOS JOSE MARIA PENNA	ASOC. COOP. DEL HOSPITAL DE AGUDOS JOSE MARIA PENA	AV. ALMAFUERTE 406	COOPERADORA	
430	Gratuitos a Cooperadoras	Gratuitos a Cooperadoras	Ordenanza 35514	#N/A	#N/A	#N/A	#N/A	#N/A
431	Gratuitos a Cooperadoras	Gratuitos a Cooperadoras	Ordenanza 35514	HOGAR DE ANCIANOS MARTIN RODRIGUEZ	ASOCIACION HOGAR MARTIN RODRIGUEZ	VENTURA ALEGRE 799 (ITUZAINGÓ)	COOPERADORA	
434	Gratuitos a Cooperadoras	Gratuitos a Cooperadoras	Ordenanza 35514	HOGAR RAIMONDI	ASOCIACION COOPERADORA DEL HOGAR RAIMONDI	CALLE 75 ENTRE 2 Y 4 (NECOCHEA)	COOPERADORA	
441	Gratuitos Asoc.Civiles	Gratuitos Asoc. Civiles	Ley 3376/09	PARQUE POLIDEPORTIVO J B ALBERDI	CLUB ATLETICO NUEVA CHICAGO	AV LISANDRO DE LA TORRE Y AV. DIRECTORIO	DEPORTES	3/12/2029
442	Gratuitos a Cooperadoras	Gratuitos a Cooperadoras	Ordenanza 35514	HOSPITAL ZUBIZARRETA	ASOC. COOPERADORA DEL HOSPITAL ZUBIZARRETA	- NUEVA YORK 3952	COOPERADORA	
450	Importe Variable	Importe Variable	Otorgado por aplicación Ley Nac. 24308, Decreto 1553/GCBA/97, Decreto 1187/GCBA/08 ,	HOSPITAL GRAL DE AGUDOS RAMOS MEJIA	COSTAS JORGE	GENERAL URQUIZA 609	PERSONAS CON NECESIDADES ESPECIALES	Decreto 1553
454	Gratuitos Asoc.Civiles	Gratuitos Asoc. Civiles	Análisis situación ocupacional	PARQUE SANTOJANNI	CENTRO DE JUBILADOS Y PENSIONADOS PARQUE SANTOJANNI	PATRON 6226 & MARTINIANO LEGUIZAMON	VARIOS	7/5/2011
455	Contraprestación	Contraprestación por realización de obra	LEY 17.520 - DISP-176-DGCyP-2003. DEC-225-97	PLAYA SUBTERRANEA - "E-05" "PLAZA VICENTE LOPEZ"	ESTACIONAMIENTO VICENTE LOPEZ S.A.	MONTEVIDEO & PARANA & ARENALES	PLAYAS DE ESTACIONAMIENTO	30/4/2019
459	Importe Fijo	26.000,00	Permiso Ley 3399	EX BRISAS DEL PLATA	EL MIRASOL DE LA RECOVA S.A.	AV TRISTAN ACHAVAL RODRIGUEZ 1381	GASTRONOMICOS	1/11/2015
463	Gratuitos Asoc. Civiles	Gratuitos Asoc. Civiles	Ordenanza 22.333. 13/04/67	CONFITERIA - SEDE ASOC.AMIGOS MUSEO NACIONAL DE BELLAS ARTES	ASOCIACION AMIGOS MUSEO NACIONAL DE BELLAS ARTES	AV FIGUEROA ALCORTA 2280	VARIOS	31/10/2014
465	Gratuitos Asoc.Civiles	Gratuitos Asoc. Civiles	Ley 2212/06	POLIDEPORTIVO	CLUB SIRIO LIBANES HONOR Y PATRIA	AV TRIUNVIRATO 6455/6485/6575/6583 Y GALVAN 4050/4250	DEPORTES	6/12/2026
471	Gratuitos Asco. Civiles	Gratuitos Asoc. Civiles	Ley 1866 - en trámite pedido de prórroga contemplada por la ley	#N/A	#N/A	#N/A	#N/A	#N/A
478	Importe Fijo	1.200,00	Decreto N°1274/2007	CALESITA PLAZA UNIDAD NACIONAL	FONTICHELLI CATALINA ELENA	D.GALLO, MURGUIONDO, M.LEGUIZAMON Y CAFATE - PZA U. NACIONAL	CALESITAS	20/3/2018
479	Gratuitos a Cooperadoras	Gratuitos a Cooperadoras	Ordenanza 35514	HOSPITAL SANTOYANNI	ASOC. COOP. DEL HOSPITAL SANTOYANNI	PILAR 950	COOPERADORA	
480	Gratuitos a Cooperadoras	Gratuitos a Cooperadoras	Ordenanza 35514	HOSPITAL ECHEVERRIA	ASOC. COOP. DEL INSTITUTO DE REHABILITACION PSICOFISICA	ECHEVERRIA 955	COOPERADORA	
525	Importe Fijo	900,00	Decreto N°1274/2007. Luego de vencido dejo de funcionar por desperfectos. Tramita por Exp. 55755/05 Situación ocupacional	#N/A	#N/A	#N/A	#N/A	#N/A
527	Importe Fijo	1.200,00	Decreto N°1274/2007	CALESITA PLAZA SALABERRY	VIGNATTI, MIGUEL ANGEL	PLAZA SALABERRY - GUAIMINI, ITAQUI, Y AVDAS DE LA CRUZ Y PIE	CALESITAS	16/11/2015
528	Importe Fijo	1.200,00	EX 98456/10	CALESITA PLAZA SUDAMERICANA	VIGNATTI, MIGUEL ANGEL	PLAZA SUDAMERICANA - AV F. DE LA CRUZ Y ITAQUI.GUAMINI PIEDRA BUENA	CALESITAS	16/11/2015
531	Gratuitos Asoc. Civiles	Gratuitos Asoc. Civiles	OTORGADO POR LEY 5144/14 POR EL TÉRMINO DE 10 AÑOS	BAJO AUTOPISTA 1 - 104A	FUNDACIÓN LOS CARAS SUCIAS	BALCARCE HACIA DEFENSA	LOCALES BAJO AUTOPISTA	proyecto ley otorgamiento inicial (10 años)
533	Importe Fijo	3.407,36	Antes afectado a Proyecto Ferias del Sur LICITACIÓN EN TRAMITE	BAJO AUTOPISTA 1 - 104C	COOPERATIVA DE TRABAJO "ARTESANOS DE ARGENTINA" LTDA	DEFENSA HACIA BALCARCE	PREDIOS COMERCIALES	
535	Gratuitos a Organismos Oficiales	Gratuitos a Organismos Oficiales	Afectado a organismos oficiales	BAJO AUTOPISTA 1 - 105A	G.C.A.B.A	DEFENSA-BOLIVAR	LOCALES BAJO AUTOPISTA	
536	Importe Fijo	2.662,00	Antes afectado a Proyecto Ferias del Sur LICITACIÓN EN TRAMITE	BAJO AUTOPISTA 1 - 105B	COOPERATIVA DE TRABAJO "ARTESANOS DE ARGENTINA" LTDA	DEFENSA-BOLIVAR-SAN JUAN-COCHABAMBA	PREDIOS COMERCIALES	
537	Gratuitos a Organismos Oficiales	Gratuitos a Organismos Oficiales	Afectado a Organismos Oficiales	BAJO AUTOPISTA 1 - 105C	GCBA	DEFENSA-BOLIVAR	LOCALES BAJO AUTOPISTA	
538	Gratuitos Asoc. Civiles	Gratuitos Asoc. Civiles	PERMISO OTORGADO POR LEY 4478/12 POR EL TÉRMINO DE 10 AÑOS	BAJO AUTOPISTA 1 - 106A/106B	CLUB ATLETICO SAN TELMO	PERU-BOLIVAR Y BOLIVAR- PERÚ	LOCALES BAJO AUTOPISTA	19/12/2022
540	Gratuitos Asoc. Civiles	Gratuitos Asoc. Civiles	PERMISO OTORGADOFP9K~Zt3/1BERML TÉRMINO DE 10 AÑOS	BAJO AUTOPISTA 1 - 107A	CENTRO DE JUBILADOS Y PENSIONADOS "TITA"	PERU-CHACABUCO	PREDIOS COMERCIALES	19/12/2022
541	Importe Fijo	12.960,00	Antes afectado a Proyecto Ferias del Sur LICITACIÓN EN TRAMITE	#N/A	#N/A	#N/A	#N/A	#N/A
542 _	Gratuitos a Organismos Oficiales	Gratuitos a Organismos Oficiales	Afectado a Organismos Oficiales	BAJO AUTOPISTA 1 - 108A/B/C y Cocheras	AUTOPISTAS URBANAS S.A.	CHACABUCO-PIEDRAS	LOCALES BAJO AUTOPISTA	29/9/2015
544	Gratuitos a Organismos Oficiales	Gratuitos a Organismos Oficiales	PERMISO OTORGADO POR LEY N° 2607/07 POR EL TÉRMINO DE QUINCE AÑOS	BAJO AUTOPISTA 1 - 109	SINDICATO DEL SEGURO	PIEDRAS-TACUARI	LOCALES BAJO AUTOPISTA	2/5/2022
546	Importe Fijo	65.000,00	Decreto N° 402/GCBN2012, Contraprestación Obra	BAJO AUTOPISTA 1 - 111	CANAL 13	SALTA-LIMA (Bajo Autopista 25 de Mayo (AU-1)	PLAYAS DE ESTACIONAMIENTO	29/9/2014
547	Gratuitos Asoc. Civiles	Gratuitos Asoc, Civiles	PERMISO OTORGADO POR LEY N° 3713 / 10 POR  EL TÉRMINO DE 20 AÑOS	BAJO AUTOPISTA 1 - 112	UTHGRA	SALTA-SGO.DEL ESTERO	DEPORTES	12/12/1930
549	Gratuitos a Organismos	Gratuitos a Organismos Oficiales	Oficiales Afectado a Organismos Oficiales	BAJO AUTOPISTA 1 - 113A	POLICÍA FEDERAL	SGO.DEL ESTERO-SAN JOSE	LOCALES BAJO AUTOPISTA	28/6/1935
550	IMPORTE FIJO	21.000,00	PERMISO LEY 3399. LICITACION EN TRAMITE.	BAJO AUTOPISTA 1 - 114	TRANSPORTADORA DE CAUDALES JUNCADELLA S.A.	SAN JOSE-L.S.PEÑA	PREDIOS COMERCIALES	29/9/2014
552	IMPORTE FIJO	35.152,67	PERMISO LEY 3399. LICITACION EN TRAMITE.	#N/A	#N/A	#N/A	#N/A	#N/A
554	Importe Fijo	Comprendido en el canon del Legajo N'' 785	Acta de Tenencia Provisoria. CON LICITACIÓN EN TRÁMITE	BAJO AUTOPISTA 1 - 117A	GEA 8 S.A.	SOLIS-ENTRE RIOS	PLAYAS DE ESTACIONAMIENTO	hasta licitacion o subasta. Este año.
555	Gratuitos a Entidades de Bien Público 	Gratuitos a Entidades de Bien Público	El permisionario será reubicado a través del MDSGC. El predio será transferido a SBASE	BAJO AUTOPISTA 1 - 117B	G.C.B.A. - Federación de Instituciones Comunitarias de Constitución	SOLIS-ENTRE RIOS	LOCALES BAJO AUTOPISTA	
559	Gratuitos a Organismos Oficiales	Gratuitos a Organismos Oficiales	Afectado a Organismos Oficiales	BAJO AUTOPISTA 1 - 120A	POLICÍA FEDERAL	SARANDI-RINCON	LOCALES BAJO AUTOPISTA	
560	GRATUITOS A ENTIDADES DE BIEN PUBLICO	Gratuitos a Entidades de Bien Público	Permiso otorgado por ley 4478 de 2012 por el termino de 10 años.	BAJO AUTOPISTA 1 - 120B	FUNDACIÓN NUEVA GENERACIÓN DEL DEPORTE	RINCON-SARANDI	LOCALES BAJO AUTOPISTA	19/9/2022
561	Importe Fijo	22.000,00	Permiso Ley 3399. LICITACIÓN EN TRAMITE	BAJO AUTOPISTA 1 - 121	AIRSEC SA	RINCON-PASCO	PLAYAS DE ESTACIONAMIENTO	29/9/2014
562	Gratuitos a Organismos Oficiales	Gratuitos a Organismos Oficiales	PERMISO OTORGADO POR LEY 4478/12 POR EL TÉRMINO DE 10 AÑOS	BAJO AUTOPISTA 1 - 122A	ASOC.CIVIL,SOC.Y CULTURAL.CTRO DE ESTUDIO Y PART.DE LA COMUN	PASCO-PICHINCHA	LOCALES BAJO AUTOPISTA	19/12/2022
563	Importe Fijo	44.239,21	Permiso Ley 3399. LICITACIÓN EN TRAMITE	BAJO AUTOPISTA 1 - 122B/123	PASCO TENIS PADDLE S.A.	PICHINCHA-MATHEU	DEPORTES	29/9/2014
565	Importe Fijo	951,67	PERMISO OTORGADO POR LEY 5193/14 POR EL TÉRMINO DE VEINTE AÑOS	BAJO AUTOPISTA 1 - 122C	FUNDACIÓN HTAL. DE PEDIATRÍA DR. GARRAHAM	PICHINCHA HACIA PASCO	PREDIOS COMERCIALES	
567	Importe Fijo	Comprendido en el canon del Legajo N° 785	Acta de Tenencia Provisoria. CON LICITACIÓN EN TRÁMITE	BAJO AUTOPISTA 1 - 124	GEA 8 S.A.	MATHEU-ALBERTI	PLAYAS DE ESTACIONAMIENTO	hasta licitacion o subasta
568	Importe Fijo	25.300.00	Permiso Ley 3399. LICITACIÓN EN TRAMITE	BAJO AUTOPISTA 1 - 125	MASBOR S.R.L.	ALBERTI-JUJUY	PREDIOS COMERCIALES	29/9/2014
569	Importe Fijo	Comprendido en el canon del Legajo N' 785	Acta de Tenencia Provisoria. CON LICITACIÓN EN TRÁMITE	BAJO AUTOPISTA 1 - 126A	GEA 8 S.A.	JUJUY-CATAMARCA	PLAYAS DE ESTACIONAMIENTO	hasta licitacion o subasta
571	Gratuitos a Organismos Oficiales	Gratuitos a Organismos Oficiales	Afectado a Organismos Oficiales	BAJO AUTOPISTA 1 - 127	POLICÍA FEDERAL	CATAMARCA-LUCA	LOCALES BAJO AUTOPISTA	
572	Gratuitos a Cooperadoras	Gratuitos a Cooperadoras	Ordenanza 35514	BAJO AUTOPISTA 1 - 128	ASOC. COOPERADORA DE LA ESC. TCA. 11 DE 6 - MANUEL BELGRANO	LUCA-DEAN FUNES	LOCALES BAJO AUTOPISTA	
573	Importe Fijo	20.000,00	Permiso Ley 3399. LIClipetpi0_07W8WANSIoNc	BAJO AUTOPISTA 1 - 129	JOSE LUIS CORNIOLA	DEAN FUNES-RIOJA	PLAYAS DE ESTACIONAMIENTO	29/9/2014
574	Gratuitos a Organismos Oficiales	Gratuitos a Organismos Oficiales	Afectado a Organismos Oficiales	BAJO AUTOPISTA 1 - 130	G.C.B.A.	RIOJA-ORURO	LOCALES BAJO AUTOPISTA	
575	Gratuitos a Organismos Oficiales	Gratuitos a Organismos Oficiales	Afectado a Organismos Oficiales	BAJO AUTOPISTA 1 - 131	MINISTERIO DE AMBIENTE Y ESPACIO PUBLICO	ORURO-URQUIZA	LOCALES BAJO AUTOPISTA	
577	Importe Fijo	18.000,00	LICITACIÓN EN TRAMITE	BAJO AUTOPISTA 1 - 132/133	C.R.V. S.A.	URQUIZA-PRUDAN	DEPORTES	29/9/2014
580	Importe Fijo	44.850,00	Se firmará Acta de Tenencia Provisoria hasta su reubicación en CCL	BAJO AUTOPISTA 1 - 134A	VÍCTOR MASSON - TRANSPORTE CRUZ DEL SUR S.A.	24 DE NOVIEMBRE-LORIA	PLAYAS DE ESTACIONAMIENTO	29/9/2014
581	Importe Fijo	10.000,00	con Proyecto de ser asignado a Empresas de Transporte Público por solicitud de la SSTRANS	BAJO AUTOPISTA 1 - 135A	C.R.V. S.A.	LORIA - V.LINIERS	DEPORTES	29/9/2014
583	Importe Fijo	27.600,00	con Proyecto de ser asignado a Empresas de Transporte Público por solicitud de la SSTRANS	BAJO AUTOPISTA 1 - 135B	VICTOR MASSON TRANSPORTES CRUZ DEL SUR S.A	LORIA - V.LINIERS	PLAYAS DE ESTACIONAMIENTO	29/9/2014
584	Importe Fijo	Comprendido en el canon del Legajo N° 785	Acta de Tenencia Provisoria. CON LICITACIÓN EN TRÁMITE	BAJO AUTOPISTA 1 - 136	GEA 8 S.A.	LINIERS-MAZA	PLAYAS DE ESTACIONAMIENTO	hasta licitacion o subasta
585	Gratuitos Asoc. Civiles	Gratuitos Asoc. Civiles	OTORGADO POR LEY 2330/07 POR EL TÉRMINO DE 20 años	BAJO AUTOPISTA 1 - 137	APANOVI	MAZA-BOEDO	LOCALES BAJO AUTOPISTA	8/6/2027
586	Importe Fijo	Comprendido en el canon del Legajo N° 785	Acta de Tenencia Provisoria. CON LICITACIÓN EN TRÁMITE	BAJO AUTOPISTA 1 - 138	GEA 8 S.A.	BOEDO-COLOMBRES	PLAYAS DE ESTACIONAMIENTO	hasta licitacion o subasta
588	Importe Fijo	23.000,00	La Licitación comenzará una vez que culminen las obras del Metrobus 25 de Mayo en virtud que el permisionario debió ceder parte del predio a la contratista de AUSA para su uso como obrador	BAJO AUTOPISTA 1 - 140	SUTEC SA	CASTRO BARROS-CASTRO	PREDIOS COMERCIALES	29/9/2011
589	Gratuitos a Organismos Oficiales	Gratuitos a Organismos Oficiales	Afectado a Organismos Oficiales	BAJO AUTOPISTA 1 - 141A	P.F.A.	CASTRO-QUINTINO BOCAYUVA	LOCALES BAJO AUTOPISTA	
590	Gratuitos Asoc. Civiles	Gratuitos Asoc. Civiles	OTORGADO POR LEY 1967/07 POR EL TÉRMINO DE 15 AÑOS	BAJO AUTOPISTA 1 - 141B	SINDICATO PEONES DE TAXI	BOCAYUVA HACIA CASTRO	LOCALES BAJO AUTOPISTA	2/5/2022
591	Gratuitos Asoc. Civiles	Gratuitos Asoc. Civiles	PERMISO OTORGADO POR LEY 4478/12 POR EL TÉRMINO DE 10 AÑOS	BAJO AUTOPISTA 1 - 142	NUEVA GENERACIÓN 2000	BOCAYUVA-33 ORIENTALES	LOCALES BAJO AUTOPISTA	19/12/2022
593	Gratuitos Asoc. Civiles	Gratuitos Asoc. Civiles	PERMISO OTORGADO POR LEY 4478/12 POR EL TÉRMINO DE 10 AÑOS	BAJO AUTOPISTA 1 - 143A	ASOC. CIVIL CLUB SOC. Y DEPORT. ESTRELLA DE BOEDO	33 ORIENTALES-MARMOL	LOCALES BAJO AUTOPISTA	19/12/2022
594	Gratuitos Asoc. Civiles	Gratuitos Asoc. Civiles	PERMISO OTORGADO POR LEY 4478/12 POR EL TÉRMINO DE 10 AÑOS	BAJO AUTOPISTA 1 - 143B	CASA SOCIAL EL SOL DE BOEDO	33 ORIENTALES-MARMOL	LOCALES BAJO AUTOPISTA	19/12/2022
595	Gratuitos a Organismos Oficiales	Gratuitos a Organismos Oficiales	Afectado a Organismos Oficiales	BAJO AUTOPISTA 1 - 144	POLICÍA FEDERAL	MARMOL-MUÑIZ	LOCALES BAJO AUTOPISTA	
596	Importe Fijo	Comprendido en el canon del Legajo N° 785	Acta de Tenencia Provisoria. CON LICITACIÓN EN TRÁMITE	BAJO AUTOPISTA 1 - 145	GEA 8 S.A.	MUÑIZ-AV.LA PLATA	PLAYAS DE ESTACIONAMIENTO	hasta licitacion o subasta
597	Gratuitos Asoc. Civiles	Gratuitos Asoc. Civiles	PERMISO OTORGADO POR LEY 4478/12 POR EL TÉRMINO DE 10 AÑOS	BAJO AUTOPISTA 1 - 146	FEDERACION DE INSTITUCIONES COMUNITARIAS DE CABALLITO	AV.LA PLATA-SENILLOSA	LOCALES BAJO AUTOPISTA	19/12/2022
598	Importe Fijo	33.289,91	Permiso Ley 3399. LICITACIÓN EN TRAMITE I F-9 (1 1 --1179(-,f1R-■4- _nrir n-Nic	#N/A	#N/A	#N/A	#N/A	#N/A
602	Gratuitos Asao. Civiles	Gratuitos Asoc. Civiles		BAJO AUTOPISTA 1 - 149	ASOCIACION HOMERO MANZI	VIEL-BEAUCHEF	LOCALES BAJO AUTOPISTA	
603	Importe Fijo	Comprendido en el canon del Legajo N° 785	Acta de Tenencia Provisoria. CON LICITACIÓN EN TRÁMITE	BAJO AUTOPISTA 1 - 150	GEA 8 S.A.	BEAUCHEF-J.M.MORENO	PLAYAS DE ESTACIONAMIENTO	hasta licitacion o subasta
604	Importe Fijo	22.813,13	Permiso Ley 3399. LICITACIÓN EN TRAMITE	#N/A	#N/A	#N/A	#N/A	#N/A
606	Gratuitos a Organismos Oficiales	Gratuitos a Organismos Oficiales	Afectado a Organismos Oficiales	BAJO AUTOPISTA 1 - 153A	POLICÍA FEDERAL	RIGLOS-J.DE CALASANZ	LOCALES BAJO AUTOPISTA	
607	Gratuitos a Organismos Oficiales	Gratuitos a Organismos Oficiales	Afectado a Organismos Oficiales	BAJO AUTOPISTA 1 - 153B	POLICÍA FEDERAL	RIGLOS-J.DE CALASANZ	LOCALES BAJO AUTOPISTA	
608	Importe Fijo	21.528,00	LICITACIÓN EN TRAMITE	BAJO AUTOPISTA 1 - 154A	DEL BARCO S.R.L.	J.DE CALASANZ-CENTENERA	DEPORTES	29/9/2014
610	Importe Fijo	18.745,00	Permiso Ley 3399. LICITACIÓN EN TRAMITE	BAJO AUTOPISTA 1 - 155	CANTEN SA	CENTENERA-DEL COMERCIO	DEPORTES	29/9/2014
612	Gratuitos Asco. Civiles	Gratuitos Asco. Civiles	PERMISO OTORGADO POR LEY 4478/12 POR EL TÉRMINO DE 10 AÑOS	#N/A	#N/A	#N/A	#N/A	#N/A
613	Gratuitos Asoc. Civiles	Gratuitos Asco. Civiles	PERMISO OTORGADO POR LEY 4478/12 POR EL TÉRMINO DE 10 AÑOS	BAJO AUTOPISTA 1 - 157	FEDERACION DE INSTITUCIONES COMUNITARIAS de BS AS	EL PROGRESO - CACHIMAYO	LOCALES BAJO AUTOPISTA	19/12/2022
614	Importe Fijo	Comprendido en el canon del Legajo N° 785	Acta de Tenencia Provisoria. CON LICITACIÓN EN TRÁMITE IF-2ali-C37cM,I)Ri4- -wrc)mc	#N/A	#N/A	#N/A	#N/A	#N/A
617	Importe Fijo	528,00	A LICITAR PREVIA REALIZACION DE OBRA PUESTA EN VALOR	BAJO AUTOPISTA 1 - 159C	LAMBOGLIA DAMIAN EZEQUIEL	(PJE) DE LAS CIENCIAS Y E.MITRE - LOCAL 13	PREDIOS COMERCIALES	5/9/2012
621	Importe Fijo -	380,00	A LICITAR PREVIA REALIZACION DE OBRA PUESTA EN VALOR	BAJO AUTOPISTA 1 - 159H - GALERIA EMILIO MITRE	ERNESTO WENCESLAO SOSA	DE LAS CIENCIAS-E.MITRE	PREDIOS COMERCIALES	1/11/2012
624	Gratuitos a Organismos Oficiales	Gratuitos a Organismos Oficiales	Afectado a Organismos Oficiales	BAJO AUTOPISTA 1 - 159J - GALERIA EMILIO MITRE	SUBSECRETARIA DE ATENCION CIUDADANA	DE LAS CIENCIAS-E.MITRE	LOCALES BAJO AUTOPISTA	
625	Gratuitos a Organismos Oficiales	Gratuitos a Organismos Oficiales	Afectado a Organismos Oficiales	BAJO AUTOPISTA 1 - 159K - GALERIA EMILIO MITRE	SUBSECRETARIA DE ATENCION CIUDADANA	DE LAS CIENCIAS-E.MITRE	LOCALES BAJO AUTOPISTA	
626	Gratuitos aOrganismos Oficiales	Gratuitos a Organismos Oficiales	Afectado a Organismos Oficiales	BAJO AUTOPISTA 1 - 159L - GALERIA EMILIO MITRE	SUBSECRETARIA DE ATENCION CIUDADANA	DE LAS CIENCIAS-E.MITRE	LOCALES BAJO AUTOPISTA	
627	Gratuitos aOrganismos Oficiales	Gratuitos a Organismos Oficiales	Afectado a Organismos Oficiales	BAJO AUTOPISTA 1 - 159M - GALERIA EMILIO MITRE	SUBSECRETARIA DE ATENCION CIUDADANA	DE LAS CIENCIAS-E.MITRE	LOCALES BAJO AUTOPISTA	
630	Importe Fijo	380,00	A LICITAR PREVIA REALIZACION DE OBRA PUESTA EN VALOR	BAJO AUTOPISTA 1 - 159E - GALERIA EMILIO MITRE	PETRONGARI OSCAR	DE LAS CIENCIAS-E.MITRE	PREDIOS COMERCIALES	1/11/2012
634	Importe Fijo	560,00	CON DECRETO DE DESOCUPACION	BAJO AUTOPISTA 1 - 160B - GALERIA EMILIO MITRE	ASOC. MUTUAL UNIVERSITARIA MANUEL UGARTE	GALERÍA E.MITRE-LOCAL 2	PREDIOS COMERCIALES	29/9/2010
636	Importe Fijo	430,00	A LICITAR PREVIA REALIZACION DE OBRA PUESTA EN VALOR	BAJO AUTOPISTA 1 - 160D - GALERIA EMILIO MITRE	JORGE TAROCCO	GALERÍA E.MITRE-LOCAL 4 Y ANEXO BAULERA 9	PREDIOS COMERCIALES	1/10/2012
638	Importe Fijo	860,00	A LICITAR PREVIA REALIZACION DE OBRA PUESTA EN VALOR	BAJO AUTOPISTA 1 - 160G - GALERIA EMILIO MITRE	MARÍA ANGELICA SCHWARZ LUCIANI	GALERÍA E.MITRE-LOCAL 5, 6 Y ANEXO BAULERA 10	PREDIOS COMERCIALES	1/10/2012
639	Gratuitos a Organismos Oficiales	Gratuitos a Organismos Oficiales	Afectado a Organismos Oficiales	BAJO AUTOPISTA 1 - 160H	GCBA	EMILIO MITRE 973	LOCALES BAJO AUTOPISTA	
640	Importe Fijo	Comprendido en el canon del Legajo N° 785	Acta de Tenencia Provisoria. CON LICITACIÓN EN TRÁMITE	#N/A	#N/A	#N/A	#N/A	#N/A
641	Gratuitos a Organismos Oficiales	Gratuitos a Organismos Oficiales	Afectado a Organismos Oficiales 1P-2.ülí-f17Q6(W4- -DGC(1NC	BAJO AUTOPISTA 1 - 160J	CTRO. CULT. ADAM BS AS - MIN. CULTURA	E.MITRE-CURAPALIGUE	LOCALES BAJO AUTOPISTA	
642	Gratuitos a Organismos Oficiales	Gratuitos a Organismos Oficiales	Afectado a Organismos Oficiales	BAJO AUTOPISTA 1 - 160K	INSTITUTO DE EDUCACIÓN FÍSICA Nº2 PROF. FEDERICO W. DICKENS	E.MITRE - CURAPALIGUE	LOCALES BAJO AUTOPISTA	
647	Gratuitos Asoc. Civiles / Empresas	Gratuitos Asoc. Civiles / Empresas	PERMISO OTORGADO POR LEY 4478/12 POR EL TÉRMINO DE 10 AÑOS	BAJO AUTOPISTA 1 - 163	FEDERACION DE INSTITUCIONES COMUNITARIAS PQUE CHACABUCO	DÁVILA - AV. EVA PERÓN	LOCALES BAJO AUTOPISTA	19/12/2022
648	Gratuitos a Organismos Oficiales	Gratuitos a Organismos Oficiales	Afectado a Organismos Oficiales	BAJO AUTOPISTA 1 - 164	SBASE-GCBA	DAVILA-PUMACAHUA	LOCALES BAJO AUTOPISTA	
649	Importe Fijo	11.000,00	Permiso Ley 3399. LICITACIÓN EN TRAMITE	BAJO AUTOPISTA 1 - 165	APANOVI	AU1 ENTRE AV. CARABOBO Y PUMACAHUA	PLAYAS DE ESTACIONAMIENTO	29/9/2014
650	Importe Fijo	34.385,00	Permiso Ley 3399. LICITACION EN TRAMITE	BAJO AUTOPISTA 1 - 166A/167/168	INNOCENTI, MARCELO FABIAN	AU1 ENTRE CARABOBO - LAUTARO - CAMACUÁ Y BONORINO.	DEPORTES	29/9/2014
653	Gratuitos a Entidades de Bien Público	Gratuitos a Entidades de Bien Público	PERMISO OTORGADO POR LEY 4478/12 POR EL TÉRMINO DE 10 AÑOS	BAJO AUTOPISTA 1 - 166B	CENTRO DE JUBILADOS Y PENSIONADOS COMPARTIENDO ALEGRIAS	LAUTARO HACIA CARABOBO	VARIOS	19/12/2022
655	Gratuitos Asoc. Civiles	Gratuitos Asoc. Civiles	CON DECRETO DE DESOCUPACION	BAJO AUTOPISTA 1 - 169	FEDERACION INSTITUCIONES COMUNITARIAS DE FLORES	BONORINO - MEMBRILLAR	LOCALES BAJO AUTOPISTA	10/2/2012
656	Gratuitos a Organismos	Gratuitos a Organismos Oficiales	Afectado a Organismos Oficiales	BAJO AUTOPISTA 1 - 170	POLICÍA FEDERAL - COMISARÍA 38	MEMBRILLAR - RIVERA INDARTE	LOCALES BAJO AUTOPISTA	
657	Importe Fijo	16.425,45	Permiso Ley 3399. LICITACIÓN EN TRAMITE	BAJO AUTOPISTA 1 - 171	MANCUSO MIGUEL ALEJANDRO	RIVERA INDARTE- PEDERNERA	DEPORTES	30/9/2014
658	Gratuitos Asoc. Civiles / Empresas	Gratuitos Asoc. Civiles / Empresas	OTORGADO POR LEY 2848/2008 POR EL TÉRMINO DE 20 AÑOS	BAJO AUTOPISTA 1 - 172A	ASOCIACIÓN VECINAL DEPORTIVO BUENOS AIRES	PEDERNERA HACIA AV.VARELA	LOCALES BAJO AUTOPISTA	4/9/2028
659	Gratuitos a Organismos Oficiales	Gratuitos a Organismos Oficiales	Afectado a Organismos Oficiales	BAJO AUTOPISTA 1 - 172B	SBASE	AV.VARELA HACIA PEDERNERA	LOCALES BAJO AUTOPISTA	
660	Importe Fijo	10.580,00	Permiso Ley 3399. LICITACIÓN EN TRAMITE	BAJO AUTOPISTA 1 - 173A	CACOPARDO ANA ESTER	VARELA HACIA ARROTEA	PLAYAS DE ESTACIONAMIENTO	29/9/2014
663	Gratuitos Asoc. Civiles	Gratuitos Asoc. Civiles	PERMISO OTORGADO POR LEY 4478/12 POR EL TÉRMINO DE 10 AÑOS	BAJO AUTOPISTA 1 - 175	ASOC. MUTUAL FUTBOLISTAS SOLIDARIOS / CTRO. SOC Y CULT. FLORES SUR	CULPINA-PILLADO	LOCALES BAJO AUTOPISTA	19/12/2022
664	Gratuitos a Organismos Oficiales	Gratuitos a Organismos Oficiales	Afectado a Organismos Oficiales	BAJO AUTOPISTA 1 - 176A	G.C.B.A.	PILLADO-CASTAÑON	LOCALES BAJO AUTOPISTA	
665	Importe Fijo	14.547,50	LICITACIÓN EN TRAMITE	BAJO AUTOPISTA 1 - 177A	GUTIERREZ CARLOS	SAN PEDRITO Y CASTAÑÓN	DEPORTES	29/9/2014
666	Gratuitos a Organismos Oficiales	Gratuitos a Organismos Oficiales	Afectado a Organismos Oficiales	#N/A	#N/A	#N/A	#N/A	#N/A
667	Importe Fijo	11.250,00	Desafectado parcialmente para organismos oficiales. Será afectado a proyecto urbanístico	BAJO AUTOPISTA 9 - 901	B.R.D. S.A.I.C.F.I.	J.DE GARAY-B. DE IRIGOYEN- BRASIL- LIMA (Este)	PLAYAS DE ESTACIONAMIENTO	14/1/2018
668	Gratuitos a Organismos Oficiales	Gratuitos a Organismos Oficiales	Playa de remoción Integra concesión 82.	BAJO AUTOPISTA 9 - 902	B.R.D. S.A.I.C.F.I.	J.DE GARAY-COCHABAMBA	LOCALES BAJO AUTOPISTA	
669	Gratuitos a Organismos Oficiales	Gratuitos a Organismos Oficiales	Afectado a Organismos Oficiales	BAJO AUTOPISTA 9 - 903	GCBA	BRASIL-CASEROS	LOCALES BAJO AUTOPISTA	
670	Gratuitos a Organismos	Gratuitos a Organismos Oficiales	Afectado a Organismos Oficiales	BAJO AUTOPISTA 9 - 904	G.C.B.A	CASEROS-FINOCCHIETO	LOCALES BAJO AUTOPISTA	
671	Gratuitos Asoc. Civiles	Gratuitos Asoc. Civiles	Afectado a estacionamiento gratuito de médicos del Hosp. Pedro de Elizalde	#N/A	#N/A	#N/A	#N/A	#N/A
672	Gratuitos a Organismos Oficiales	Gratuitos a Organismos Oficiales	Afectado a Organismos Oficiales	BAJO AUTOPISTA 9 - 906	GCBA-POLICÍA FEDERAL	FINOCCHIETO-SAMPERIO	LOCALES BAJO AUTOPISTA	
673	Importe Fijo	89.000,00	SE LLAMARA A LICITACION UNA VEZ QUE SE APRUEBE EL CAMBIO DE ZONIFICACION	BAJO AUTOPISTA 9 - 907	MULTICANAL/CABLEVISON	SAMPERIO-A.DEL VALLE	PLAYAS DE ESTACIONAMIENTO	15/9/2014
674	Gratuitas a Entidades de Bien Público	Gratuitos a Entidades deBien Público B	EX 639632/10	CALESITA en BAJO AUTOPISTA 9 - 908	ASOC. VECINAL REP. DE BARRACAS	BRANDSEN - ARISTOBULO DEL VALLE	CALESITAS	18/8/2015
675	Gratuitos a Organismos Oficiales	Gratuitos a Organismos Oficiales	Afectado a Organismos Oficiales	BAJO AUTOPISTA 9 - 909	GCBA	BRANDSEN - ARISTOBULO DEL VALLE	LOCALES BAJO AUTOPISTA	
677	Gratuitos a Organismos Oficiales	Gratuitos a Organismos Oficiales	Afectado a Organismos Oficiales	BAJO AUTOPISTA 9 - 911	GCBA	ARAOZ DE LAMADRID-B.QUINQUELA MARTIN	LOCALES BAJO AUTOPISTA	
678	Gratuitos a Organismos Oficiales	Gratuitos a Organismos Oficiales	Afectado a Organismos Oficiales	BAJO AUTOPISTA 9 - 912	GCBA	B.QUINQUELA MARTIN NORTE Y B.Q. MARTIN SUR	LOCALES BAJO AUTOPISTA	
680	Gratuitos a Organismos Oficiales	Gratuitos a Organismos Oficiales	Afectado a Organismos Oficiales	BAJO AUTOPISTA 9 - 913B	GCBA	CALIFORNIA HACIA AUSTRALIA (B.Q. MARTIN (S))	LOCALES BAJO AUTOPISTA	
681	Gratuitos a Organismos Oficiales	Gratuitos a Organismos Oficiales	Afectado a Organismos Oficiales	BAJO AUTOPISTA 9 - 914	COMISARIA 30	CALIFORNIA-IRIARTE	LOCALES BAJO AUTOPISTA	
688	Importe Fijo	8.000,00	TRAMITE POR ANTE LEGISLATURA PROYECTO DE LEY POR LA QUE SE OTORGARIA PERMISO DE USO GRATUITO	PLAYA DE ESTACIONAMIENTO CATALINAS SUR	ASOCIACION CATALINAS SUR	NECOCHEA 302/310 y 520	PLAYAS DE ESTACIONAMIENTO	1/1/2011
689	Gratuitos a Cooperadoras	Gratuitos a Cooperadoras	Ordenanza 35514	#N/A	#N/A	#N/A	#N/A	#N/A
690	Gratuitos a Cooperadoras	Gratuitos a Cooperadoras	Ordenanza 35514	#N/A	#N/A	#N/A	#N/A	#N/A
692	Gratuitos a Cooperadoras	Gratuitos a Cooperadoras	Ordenanza 35514	#N/A	#N/A	#N/A	#N/A	#N/A
693	Gratuitos a Cooperadoras	Gratuitos a Cooperadoras	Ordenanza 35514	#N/A	#N/A	#N/A	#N/A	#N/A
694	Gratuitos a Cooperadoras	Gratuitos a Cooperadoras	Ordenanza 35514	ESC. PRIMARIA CARLOS LAMAS - INST. BERNASCONI DEN 6	SOC. COOPER. DEL INST. "FELIX FERNANDO BERNASCONI"	CATULO CASTILLO 2750	COOPERADORA	
696	Gratuitos a • Cooperadoras	Gratuitos a Cooperadoras	Ordenanza 35514	ESC. NORMAL 5 - LENGUAS VIVAS JOHN F. KENNEDY DEN 1	ASOC. COOPERADORA DE LA ESC. NORMAL DE MAESTRAS EN LENGUAS	JUNCAL 3251	COOPERADORA	
697	Gratuitos a Cooperadoras	Gratuitos a Cooperadoras	Ordenanza 35514	LICEO PROF. PASCUAL GUAGLIANOME DEN 11	ASOC. COOPERADORA DEL LICEO PROF. PASCUAL GUAGLIANOME	CARABOBO 286	COOPERADORA	
698	Gratuitos a Cooperadoras	Gratuitos a Cooperadoras	Ordenanza 35514	#N/A	#N/A	#N/A	#N/A	#N/A
699	Gratuitos a Coo e erad oras	Gratuitos a Cooperadoras	Ordenanza 35514	#N/A	#N/A	#N/A	#N/A	#N/A
700	Gratuitos a Cooperadoras	Gratuitos a Cooperadoras	Ordenanza 35514	#N/A	#N/A	#N/A	#N/A	#N/A
701	Gratuitos a Cooperadoras	Gratuitos a Cooperadoras	Ordenanza 35514	#N/A	#N/A	#N/A	#N/A	#N/A
704	Gratuitos a Cooperadoras	Gratuitos a Cooperadoras	Ordenanza 35514	#N/A	#N/A	#N/A	#N/A	#N/A
707	Importe Fijo	1.200,00	Decreto N°1274/2007	CALESITA PARQUE SAAVEDRA	ELBA DOMINGUEZ	AV. GARCIA DEL RIO Y PINTO - PARQUE SAAVEDRA	CALESITAS	20/3/2018
708	Importe Fijo	900,00	Decreto N°1274/2007	CALESITA PLAZA ALMAGRO	GUSTAVO VILA	PLAZA ALMAGRO - BULNES & SARMIENTO	CALESITAS	20/3/2018
709	Importe Fijo	1.200,00	Decreto N°1274/2007	CALESITA PARQUE 3 DE FEBRERO	Roberto Couto	AV. SARMIENTO & AV. DEL LIBERTADOR - PARQUE 3 DE FEBRERO	CALESITAS	20/3/2018
710	Importe Fijo	1.200,00	Decreto N°1274/2007	CALESITA PARQUE AVELLANEDA	Juan Carlos Peraita	PARQUE AVELLANEDA - AV. DIRECTORIO & LACARRA	CALESITAS	20/3/2018
711	Importe Fijo	1.200,00	Decreto N°1274/2007	CALESITA PLAZA BALCARCE	NORA CRISTINA MAFFI	CABILDO (AL 3900) Y JARAMILLO - PLAZA BALCARCE	CALESITAS	20/3/2018
712	Importe Fijo	900,00	Decreto N°1274/2007	CALESITA PARQUE FRAY LUIS BELTRAN	ANTONIO CID	AV. IRIARTE & LUZURIAGA - PARQUE FRAY LUIS BELTRAN	CALESITAS	20/3/2018
713	Importe Fija	1.200,00	Decreto N°1274/2007	CALESITA PLAZA IRLANDA	FACUNDO CAVALIERI	AV. GAONA & DONATO ALVAREZ - PLAZA IRLANDA	CALESITAS	20/3/2018
714	Importe Fijo	1.200,00	Decreto N°1274/2007	CALESITA PARQUE LAS HERAS	BEATRIZ ADELINA IGLESIAS	AV GRAL LAS HERAS & FRENCH - PARQUE LAS HERAS	CALESITAS	20/3/2018
715	Importe Fijo	1.200,00	Decreto N°1274/2007	CALESITA PLAZA NUEVA POMPEYA	CARLOS HUMBERTO POMETTI	AV. SAENZ Y TRAFUL - PLAZA NUEVA POMPEYA	CALESITAS	20/3/2018
716	Importe Fijo	1.200,00	Decreto N°1274/2007	CALESITA PLAZA ARISTOBULO DEL VALLE	CARLOS HUMBERTO POMETTI	CUENCA & MARCOS SASTRE - PLAZA ARISTOBULO DEL VALLE	CALESITAS	20/3/2018
717	Importe Fijo	900,00	Decreto N°1274/2007	CALESITA PARQUE PATRICIOS	ANTONIO FERNANDEZ	AV. CASEROS 3200 - PARQUE PATRICIOS	CALESITAS	20/3/2018
718	Importe Fijo	1.200,00	Decreto N°1274/2007	CALESITA PLAZA PUEYRREDON	ADRIANA INES MOTA	DIRECTORIO & LAUTARO & CAMACUA & BILBAO	CALESITAS	20/3/2018
719	Importe Fijo	1.200,00	Decreto N°1274/2007	CALESITA PLAZA REPUBLICA DE BOLIVIA	PABLO DIORIO	AV DEL LIBERTADOR Y OLLEROS - PLAZA REPUBLICA DE BOLIVIA	CALESITAS	20/3/2018
720	Importe Fijo	1.200,00	Decreto N°1274/2007	CALESITA PARQUE RIVADAVIA	NASI JULIA	ROSARIO Y BEAUCHEF - PARQUE RIVADAVIA	CALESITAS	20/3/2018
721	Importe Fijo	1.200,00	Decreto N°1274/2007	CALESITA PLAZA TTE GRAL EMILIO MITRE	EDUARDO ODRIOZOLA	PACHECO DE MELO - LAS HERAS-AV. PUEYRREDON Y CANTILO - PZA. E. MITRE	CALESITAS	20/3/2018
722	Importe Fijo	1.200,00	Decreto N°1274/2007	CALESITA PLAZA MEXICO	FRANCISCO CONSTANTINO FILIPPELLI	VALENTIN ALSINA-TORNQUIST-VALENTIN ALSINA-FIGUEROA ALCORTA	CALESITAS	20/3/2018
723	Importe Fijo	1.200,00	Decreto N°1274/2007	#N/A	#N/A	#N/A	#N/A	#N/A
724	Importe Fijo	1.200,00	Decreto N°1274/2007	CALESITA PLAZA 25 DE AGOSTO	RICARDO DIORIO	CHARLONE-GIRIBONE-HEREDIA 1300	CALESITAS	20/3/2018
725	Importe Fijo	1.200,00	Decreto N°1274/2007	CALESITA PLAZA MISERICORDIA	MARIA ALEJANDRA GIMENEZ	DIRECTORIO & LAUTARO & CAMACUA & BILBAO	CALESITAS	20/3/2018
726	Importe Fijo	1.200,00	Decreto N°1274/2007	CALESITA PARQUE CENTENARIO	BURZOMI CARLOS	AV DIAZ VELEZ & AV PATRICIAS ARGENTINAS - PARQUE CENTENARIO	CALESITAS	20/3/2018
727	Importe Fijo	1.200,00	Decreto N°1274/2007	CALESITA PARQUE LOS ANDES	SERGIO DEL CORRAL	AV. CORRIENTES & JORGE NEWBERY - PARQUE LOS ANDES	CALESITAS	20/3/2018
728	Importe Fijo	1.200,00	Decreto N°1274/2007	CALESITA PLAZA MARTIN FIERRO	ALEJANDRO PEDROARENA	LA RIOJA & COCHABAMBA - PLAZA MARTIN FIERRO	CALESITAS	20/3/2018
729	Importe Fijo	900,00	Decreto N°1274/2007	CALESITA PARQUE LEZAMA	SUSANA BORRAJO VILA	PARQUE LEZAMA - AV. MARTIN GRACIA & AV. ALM. BROWN	CALESITAS	20/3/2018
730	Importe Fijo	1.200,00	Decreto N°1274/2007	CALESITA PLAZA UNIDAD LATINOAMERICANA	ROBERTO COUTO	COSTA RICA Y MEDRANO - PLAZA UNIDAD LATINOAMERICANA	CALESITAS	20/3/2018
731	Importe Fijo	900,00	Decreto N°1274/2007	CALESITA PLAZA ROQUE SAENZ PEÑA	ELBA ADRIANA NUÑEZ DE AUTERI	REMEDIOS DE ESCALADA Y ANDRES LAMAS - PZA R. SAENZ PEÑA	CALESITAS	20/3/2018
732	Importe Fijo	1.200,00	Decreto N°1274/2007	CALESITA PARQUE CHACABUCO	JUAN PABLO COUTO Y GRISELDA BEATRIZ GOMEZ	AV. ASAMBLEA & MIRO - PARQUE CHACABUCO	CALESITAS	20/3/2018
763	Gratuitos Asoc.Civiles	Gratuitos Asoc. Civiles	Ley 5165/14	FRACCION DE TERRENO - PLAYON	CLUB ATLETICO RIVER PLATE	AV. UDAONDO Y AV. PTE. FIGUEROA ALCORTA	VARIOS	30/6/2014
764	Gratuitos Asoc.Civiles	Gratuitos Asoc. Civiles	Ley 4072-11	#N/A	#N/A	#N/A	#N/A	#N/A
768	Importe Fijo	12.000,00	Licitación Publica en tramite por EE-1807761-MGEYADGCONC-15	GUARDAPALOS Y CARROS DE GOLF	JORGE RICARDO MOSQUERA	TORNQUINST 6385	DEPORTES	21/5/2013
779	Importe Fijo	430,00	A LICITAR	#N/A	#N/A	#N/A	#N/A	#N/A
784	Importe Fijo	630,00	A LICITAR	BAJO AUTOPISTA 1 -159D - GALERIA EMILIO MITRE	ROSA NELIDA RIOS	DE LAS CIENCIAS-E.MITRE	PREDIOS COMERCIALES	2/12/2012
785	Importe Fijo	253.001,57	Acta de Tenencia Provisoria. CON LICITACIÓN EN TRÁMITE	BAJO AUTOPISTA 1 - 161 (11 PLAYAS DE ESTACIONAMIENTO)	GEA 8 S.A.	THORNE - CURAPALIGUE	PLAYAS DE ESTACIONAMIENTO	hasta licitacion.
786	Importe Fijo	23.000,00	Permiso Ley 3399 EX 592730/2011/MGEYA. CON 4- - LICITACION EN TRAMit'É°15 -0796085 DGCONC ___	KARTODROMO ARGENTINO	CLUB ARGENTINO DE KARTING ASOCIACION CIVIL	AV. GENERAL PAZ Y AV. GENERAL ROCA	DEPORTES	28/9/2016
788	Importe Fijo	14.200,00	Prórrgoa propuesta por Compensación por daños por filtraciones originados por MAyEP	E-PLAZOLETA CORONELES PITTA-PEDERNERA	BREWDA CONSTRUCCIONES S.A.C.I.F.	PLAZOLETA PITTA-PEDERNARA AV. SARMIENTO Y STA FE	PLAYAS DE ESTACIONAMIENTO	9/12/2013
789	Importe Fijo	519.800,00	Pliegos nueva licitacion en trámite	PLAYA DE ESTACIONAMIENTO SUBTERRANEA E-03	MEJORAMIENTO HOSPITALARIO SA - ALDIYAIV SA UTE	CORDOBA ENTRE FLORIDA Y ESMERALDA	PLAYAS DE ESTACIONAMIENTO	5/1/2014
790	Importe Fijo	465.750,00	Pliegos nueva licitacion en trámite	PLAYA DE ESTACIONAMIENTO SUBTERRANEA E-12	RIVA SA	AV CORRIENTES 436	PLAYAS DE ESTACIONAMIENTO	5/1/2014
791	Importe Fijo	415.924,39	Prórroga otorgada por desafectación Playa Obelisco Sur	PLAYA DE ESTACIONAMIENTO SUBTERRANEA E-19	PLAYAS SUBTERRANEAS SA	SUBSUELO PLAZA LIBERTAD	PLAYAS DE ESTACIONAMIENTO	30/6/2018
794	Gratuito Asociación Civil	Gratuito Asociación Civil	EN PROCESO DE LICITACION EX 38957/2009/MGEYA	CENTRO CULTURAL RECOLETA - EDIF. CRONOPIOS	FUNDACION MUSEO PARTICIPATIVO DE CIENCIAS	CTRO. CULTURAL RECOLETA - CALLE DE LOS TILOS	VARIOS	01/04/1999. Esperando firma LOMBARDI. Ya está adjudicado
796	Importe Fijo	900,00	Decreto N°1226/2008	#N/A	#N/A	#N/A	#N/A	#N/A
797	Importe Fijo	5.000,00	Ley 4740/13 Legislatura de la Ciudad- Dispone la enajenación del predio - DGAB procederá a la venta del Ex CAM 88	EX CAM 88 - PASAJE EL LAZO - UF.13	RAUL MARIANO DABBAH	SALGUERO 2622	PREDIOS COMERCIALES	31/12/2013
798	Gratuitos Asoc. Civiles	Gratuitos Asoc. Civiles	Ley 4740/13 Legislatura de la Ciudad- Dispone la enajenación del predio - DGAB procederá a la venta del Ex CAM 88	#N/A	#N/A	#N/A	#N/A	#N/A
800	Importe Fijo	5.000,00	Ley 4740/13 Legislatura de la Ciudad- Dispone la enajenación del predio - DGAB procederá a la venta del Ex CAM 88	EX CAM 88 - PASAJE EL LAZO - UF.12	ANUNCIADA CICIRO	SALGUERO 2620 - Local 12	PREDIOS COMERCIALES	31/12/2013
801	Importe Fijo	5.000,00	Ley 4740/13 Legislatura de la Ciudad- Dispone la enajenación del predio - DGAB procederá a la venta del Ex CAM 88	EX CAM 88 - PASAJE EL LAZO - UF.14B	FERNANDO MARTIN SCHNIPER	SALGUERO 2628	PREDIOS COMERCIALES	31/12/2013
802	Gratuitos a Entidades de Bien Público	Gratuitos a Entidades de Bien Público	OTORGADO POR LEY 5192/14 POR EL TÉRMINO DE 20 AÑOS	BAJO AUTOPISTA 6 - 605A	HOGAR DE ANCIANOS SANTA TERESA DE JOURNET	CHASCOMUS - RODO	LOCALES BAJO AUTOPISTA	29/9/2014
804	Gratuitos a Organismos Oficiales	Gratuitos a Organismos Oficiales	Afectado a Organismos Oficiales	PATIO RECREATIVO - 104R3	ASOCIACION CIVIL PARQUE TELMO / GCBA-DEPORTES	COCHABAMBA 311	LOCALES BAJO AUTOPISTA	
805	Gratuitos a Organismos Oficiales	Gratuitos a Organismos Oficiales	Afectado a Organismos Oficiales _	CLUB DEPORTIVO - 107R2	CLUB DEPORTIVO GIUFRA / GCBA DEPORTES	PERU 1243	LOCALES BAJO AUTOPISTA	
806	Gratuitos a Organismos Oficiales	Gratuitos a Organismos Oficiales	Afectado a Organismos Oficiales	PATIO RECREATIVO - 123R4	ASOCIACION CIVIL SAN CRISTOBAL / GCBA DEPORTES	CONSTITUCION 2345	LOCALES BAJO AUTOPISTA	
807	Gratuitos a Organismos Oficiales	Gratuitos a Organismos Oficiales	Afectado a Organismos Oficiales	PATIO RECREATIVO - 128R3	ASOCIACION CIVIL IDEAS / GCBA DEPORTES	CONSTITUCION 2827	LOCALES BAJO AUTOPISTA	
808	Gratuitos a Organismos Oficiales	Gratuitos a Organismos Oficiales	Afectado a Organismos Oficiales 	PATIO RECREATIVO - 139R2	CIRCULOS UNIDOS GON / GCBA DEPORTES	COCHABAMBA 3720	LOCALES BAJO AUTOPISTA	
809	Gratuitos a Organismos Oficiales	Gratuitos a Organismos Oficiales	Afectado a Organismos Oficiales	PATIO RECREATIVO - 144R3	ASOCIACION CIVIL EL BARRRIO / GCBA DEPORTES	CONSTITUCION 4200	LOCALES BAJO AUTOPISTA	
810	Gratuitos a Organismos Oficiales	Gratuitos a Organismos Oficiales	Afectado a Organismos Oficiales	PATIO RECREATIVO - 148R2	ASOCIACION CIVIL ATLETICO 1RA JUNTA / GCBA DEPORTES	ZUVIRIA 232	LOCALES BAJO AUTOPISTA	
811	Gratuitos a Organismos Oficiales	Gratuitos a Organismos Oficiales	Afectado a Organismos Oficiales	PATIO RECREATIVO - 154R3	ASOCIACION CIVIL ESTRADA DE ALMAGRO / GCBA DEPORTES	TEJEDOR 250 e/ 266 y 226	LOCALES BAJO AUTOPISTA	
818	Gratuitos a Organismos Oficiales	Gratuitos a Organismos Oficiales	Afectado a Organismos Oficiales	POLIDEPORTIVO CHACABUCO	GCBA DEPORTES	EVA PERON 1410	LOCALES BAJO AUTOPISTA	
819	Gratuitos a Organismos Oficiales	Gratuitos a Organismos Oficiales	Afectado a Organismos Oficiales	POLIDEPORTIVO MARTIN FIERRO	GCBA DEPORTES	ORURO 1300	LOCALES BAJO AUTOPISTA	
820	Gratuitos a Organismos Oficiales	Gratuitos a Organismos Oficiales	Afectado a Organismos Oficiales	PATIO RECREATIVO - 137 R3	CIRCULO MARTIN FIERRO / GCBA DEPORTES	COCHABAMBA 3536	LOCALES BAJO AUTOPISTA	
821	Importe Fijo	16.408,80	Hasta adjudic. Licit Pliegos aprob ley 4888 playa remoción seg ley 5126	BAJO AUTOPISTA 1 - 110B	ESTACIONAMIENTO SEC - B.R.D.	BDO. DE IRIGOYEN / TACUARI	PLAYAS DE ESTACIONAMIENTO	31/5/2018
827	Gratuitos a Organismos Oficiales	Gratuitos a Organismos Oficiales	Afectado a Organismos Oficiales	#N/A	#N/A	#N/A	#N/A	#N/A
830	Gratuitos a Cooperadoras	Gratuitos a Cooperadoras	Ordenanza 35514	#N/A	#N/A	#N/A	#N/A	#N/A
832	Gratuitos a Cooperadoras	Gratuitos a Cooperadoras	Ordenanza 35514	#N/A	#N/A	#N/A	#N/A	#N/A
833	Gratuitos a Cooperadoras	Gratuitos a Cooperadoras	Ordenanza 35514	#N/A	#N/A	#N/A	#N/A	#N/A
835	Gratuitos a Cooperadoras	Gratuitos a Cooperadoras	Ordenanza 35514	#N/A	#N/A	#N/A	#N/A	#N/A
838	Gratuitos a Cooperadoras	Gratuitos a Cooperadoras	Ordenanza 35514	#N/A	#N/A	#N/A	#N/A	#N/A
839	Gratuitos a Cooperadoras	Gratuitos a Cooperadoras	Ordenanza 35514	#N/A	#N/A	#N/A	#N/A	#N/A
852	Importe Fijo	5.000,00	Ley 4740/13 Legislatura de la Ciudad- Dispone la enajenación del predio - DGAB procederá a la venta del Ex CAM 88	EX CAM 88 - PASAJE EL LAZO - UF.14	HEMILSE MARIA GALLARATI - MARGARITA BEATRIZ RIOS	SALGUERO 2624	PREDIOS COMERCIALES	31/12/2013
853	Gratuitos a Cooperadoras	Gratuitos a Cooperadoras	Ordenanza 35514	POLIDEPORTIVO PARQUE LAS HERAS	ASOC. COOP. DISTRITO ESCOLAR Nº 1 - ESCUELAS 12, 16, 18 Y 26	ENTRE SALGUERO, LAS HERAS, CNEL DIAZ Y JUNCAL	COOPERADORA	
855	Gratuitos Asoc.Civiles	Gratuitos Asoc. Civiles	PERMISO Ley 3731	POLIDEPORTIVO CATALINAS SUR	ASOCIACION CATALINAS SUR	Azopardo 1504/16	DEPORTES	1/1/1930
859	Desocupado	Desocupado	Ley 4740/13 Legislatura de la Ciudad- Dispone la enajenación del predio - DGAB procederá a la venta del Ex CAM 88	EX CAM 88 - PASAJE EL LAZO - UF.S/N	CLAUDIA GRANOVSKY	SALGUERO 2626	PREDIOS COMERCIALES	30/6/2011
860	Importe Fijo .	0,00	Ley 4740/13 Legislatura de la Ciudad- Dispone la enajenación del predio - DGAB procederá a la venta del Ex CAM 88	EX CAM 88 - PASAJE EL LAZO - UF.S/N (ESQUINA)	BLOCKBUSTER ARGENTINA S.A.	SALGUERO 2602	PREDIOS COMERCIALES	16/7/2011
861	Importe Fijo	21.000,00	Ley 4740/13 Legislatura de la Ciudad- Dispone la enajenación del predio - DGAB procederá a la venta del Ex CAM 88	EX CAM 88 - PASAJE EL LAZO - UF.S/N	CLAUDIA GRANOVSKY	SALGUERO 2626	PREDIOS COMERCIALES	30/6/2011
862	Importe Fijo	0,00	Ley 4740/13 Legislatura de la Ciudad- Dispone la enajenación del predio - DGAB procederá a la venta del Ex CAM 88	EX CAM 88 - PASAJE EL LAZO - UF. 2	ONDA KOSHER SRL	Pasaje El Lazo 3141	PREDIOS COMERCIALES	31/5/2011
863	Importe Variable	Importe Variable	Ley 4740/13 Legislatura de la Ciudad- Dispone la enajenación del predio - DGAB procederá a la venta del Ex CAM 88	EX CAM 88 - PASAJE EL LAZO - UF. 15-16	ONDA KOSHER SRL	Pasaje El Lazo 3151	PREDIOS COMERCIALES	31/5/2011
900	Importe Fijo	277.500,00	Decreto N° 142/GCBA/2009	PUBLICIDAD EN VIA PUBLICA	PUBLICIDAD SARMIENTO S.A.	GCBA	PUBLICIDAD EN VIA PUBLICA	17/3/2019
901	Importe Fijo	277.500,00	Decreto N° 142/GCBA/2009	PUBLICIDAD EN VIA PUBLICA	PUBLICIDAD SARMIENTO S.A.	GCBA	PUBLICIDAD EN VIA PUBLICA	17/3/2019
902	Importe Fijo	277.750,00	Decreto N° 142/GCBA/2009	PUBLICIDAD EN VIA PUBLICA	PUBLICIDAD SARMIENTO S.A.	GCBA	PUBLICIDAD EN VIA PUBLICA	17/3/2019
903	Importe Fijo	5.000,00	Disposición N' 74/DGConc/2012. Contraprestación Obra.	La Perla	Interservices Servicios Empresareales S.A.	Tristan Achaval Rodriguez 1431	GASTRONOMICOS	31/8/2016
905	Importe Fijo	25.000,00	Resolución N° 005/MDEGC/2010	La Alameda	INTERSERVICE SERVICIOS EMPRESARIOS S.A	Tristan Achaval Rodriguez 1431	GASTRONOMICOS	2/3/2015
907	Gratuitos a Cooperadoras	Gratuitos a Cooperadoras	Ordenanza 35514	#N/A	#N/A	#N/A	#N/A	#N/A
908	Gratuitos a Cooperadoras	Gratuitos a Coo•eradoras	Ordenanza 35514	#N/A	#N/A	#N/A	#N/A	#N/A
909	Gratuitos a Cooperadoras	Gratuitos a Cooperadoras	Ordenanza 35514	#N/A	#N/A	#N/A	#N/A	#N/A
910	Gratuitos a Cooperadoras	Gratuitos a Cooperadoras	Ordenanza 35514	#N/A	#N/A	#N/A	#N/A	#N/A
911	Gratuitos a Cooperadoras	Gratuitos a Cooperadoras	Ordenanza 35514	#N/A	#N/A	#N/A	#N/A	#N/A
912	Gratuitos a Cooperadoras	Gratuitos a Cooperadoras	Ordenanza 35514	#N/A	#N/A	#N/A	#N/A	#N/A
913	Gratuitos a Cooperadoras	Gratuitos a Cooperadoras	Ordenanza 35514	#N/A	#N/A	#N/A	#N/A	#N/A
915	Gratuitos a Organismos Oficiales	Gratuitos a Organismos Oficiales	Afectado a Organismos Oficiales	BAJO AUTOPISTA 1 - 104D	DEFENSORIA DEL PUEBLO	DEFENSA HACIA BALCARCE 1250	LOCALES BAJO AUTOPISTA	16/6/2014
918	Gratuitos a - Entidades de Bien Público	Gratuitos a Entidades de Bien Público	Otorgado por Ley 2249/06	CLUB SOCIAL Y DEPORTIVO JORGE NEWBERY	CLUB SOCIAL Y DEPORTIVO JORGE NEWBERY	IRIGOYEN 2050	DEPORTES	14/12/2016
946	Importe Fijo	32.929,00	Ley 469	PLAYA DE ESTACIONAMIENTO PLAZA EMILIO MITRE	CRIBA S.A.	PUEYRREDON - LAS HERAS - CANTILO - PACHECO DE MELO	PLAYAS DE ESTACIONAMIENTO	16/4/1930
947	Gratuitos a Organismos	Gratuitos a Organismos ficiales Oficiales	Afectado a Organismos Oficiales	#N/A	#N/A	#N/A	#N/A	#N/A
951	Importe Fijo	382.294,35	Prórroga otorgada por desafectación Playa Obelisco Sur	PLAYA DE ESTACIONAMIENTO "E 16"	PLAYAS SUBTERRANEAS S.A.	JUNIN 1801 - AV. QUINTANA Y ORTIZ	PLAYAS DE ESTACIONAMIENTO	23/5/2019
952	Gratuitos a Cooperadoras	Gratuitos a Cooperadoras	Ordenanza 35514	#N/A	#N/A	#N/A	#N/A	#N/A
953	Desocupado	Desocupado	Desocupado	BAJO AUTOPISTA 1 - 159A - LOCAL 28		DE LAS CIENCIAS-E.MITRE		
954	Desocupado	Desocupado	Desocupado	BAJO AUTOPISTA 1 - 159A - LOCAL 11		DE LAS CIENCIAS-E.MITRE		
955	Importe Fijo	30.360,00	CON PROYECTO DE LEY 2897/14	BAJO AUTOPISTA 1 - 139	UNIÓN DE PROPIETARIOS DE TAXIS DE LA REPÚBLICA ARGENTINA	COLOMBRES-CASTRO BARROS	PREDIOS COMERCIALES	3/11/2011
956	Importe Fijo	14.375,00	Permiso Ley 3399 LICITACIÓN EN TRAMITE	BAJO AUTOPISTA 1 - 126B	MASBOR S.R.L.	JUJUY-CATAMARCA	PREDIOS COMERCIALES	29/9/2014
957	Gratuitos a Cooperadoras	Gratuitos a Cooperadoras	Ordenanza 35514	#N/A	#N/A	#N/A	#N/A	#N/A
958	Importe Variable	Importe Variable	Otorgado por aplicación Ley Nac. 24308, Decreto 15531GCBA/97, Decreto 11871GCBA108	KIOSCO HOSPITAL DURAND	SOTO PABLO JOSÉ	AV. DIAZ VELEZ 5044	PERSONAS CON NECESIDADES ESPECIALES	Decreto 1553
961	Gratuitos a Organismos Oficiales	Gratuitos a Organismos Oficiales	Afectado a Organismos Oficiales	BAJO AUTOPISTA 1 - 159F	Consejo de los Derechos de Niñas, Niños y Adolescentes (G.C.B.A.)	Emilio Mitre y Pasaje de las Ciencias	PREDIOS COMERCIALES	27/5/2014
962	Importe Fijo	14.600,00	Licitación Publica en tramite por EE-1807761-MGEYADGCONC-15	PROSHOP	JORGE MOSQUERA	AV. TORNQUINST 6385	DEPORTES	21/12/2013
964	Desocupado	Desocupado PREDIOS		#N/A	#N/A	#N/A	#N/A	#N/A
965	Importe Fijo	7.000,00	EX 69556012011/MGEYA	ANTENA EN TORRE ESPACIAL DEL PARQUE DE LA CIUDAD	RADIO PANDA S.R.L.	PARQUE DE LA CIUDAD	VARIOS	20/4/2012
966	Importe Variable	Importe Variable	Ley 469.- EXP-21842/2007. Amparo judicial impidió comienzo de obras.	#N/A	#N/A	#N/A	#N/A	#N/A
967	Gratuitos a Cooperadoras	Gratuitos a Cooperadoras	Ordenanza 35514 1F-2015-07960854- -DC.iCONC	#N/A	#N/A	#N/A	#N/A	#N/A
968	Importe Fijo	18.720,00	Resolución N° 640/MDEGC/2011	Centro Metropolitano de Diseño	GEA 8 S.A.	Villarino 2498	GASTRONOMICOS	31/10/2017
969	Gratuitos a Cooperadoras	Gratuitos a Cooperadoras	Ordenanza 35514	#N/A	#N/A	#N/A	#N/A	#N/A
971	Importe Fijo	2.500,00	LICiTACIÓN EN TRAMITE	BAJO AUTOPISTA 1 - 115A	SEPEYCO S.R.L.- BETON VIAL S.A.- U.T.E	L.S.PEÑA-CEBALLOS	PREDIOS COMERCIALES	29/9/2014
973	Gratuitos a Organismos Oficiales	Gratuitos a Organismos Oficiales	Afectado a Organismos Oficiales	BAJO AUTOPISTA 6 - 624A	G.C.B.A. SUBSECRETARÍA DE TRANSPORTE	BARRAGÁN - GALLARDO - MADERO	PLAYAS DE ESTACIONAMIENTO	
974	Gratuitos a Cooperadoras	Gratuitos a Cooperadoras	Ordenanza 35514	STAND DE VENTAS - HALL CENTRAL TEATRO SAN MARTIN	FUNDACION AMIGOS DEL TEATRO SAN MARTIN	-	COOPERADORA	
975	Importe Fijo	321,84	Otorgado por aplicación Ley Nac. 24308, Decreto 1553/GCBA/97, Decreto 1187/GCBA/08	Ministerio de Justicia y Seguridad	Rodriguez Miguel Orlando	Av. Regimiento Patricios 1142	PERSONAS CON NECESIDADES ESPECIALES	Decreto 1553
978	Gratuitos a Cooperadoras	Gratuitos a Cooperadoras	Ordenanza 35514	I.E.S. JUAN B. JUSTO	FAGOADA LILIANA	LASCANO 3840	COOPERADORA	
979	Importe Fijo	530,00	Subasta Pública	BAJO AUTOPISTA 1 - 160C - GALERIA MITRE	Andrea Estela Cano Vergara	E. MITRE 955 - LOCAL 3	PREDIOS COMERCIALES	1/11/2015
980	Importe Fijo	90,00	Subasta Pública	BAJO AUTOPISTA 1 - 160C1 - GALERIA MITRE	Ana María Rago	E. MITRE 955 - LOCAL NRO 8	PREDIOS COMERCIALES	1/11/2015
981	Gratuitos a Organismos Oficiales	Gratuitos a Organismos Oficiales	Afectado a Organismos Oficiales	BAJO AUTOPISTA 6 - 603B	CGPC Nº 9	OLIVERA - DIRECTORIO	REPARTICIONES GUBERNAMENTALES	
982	Importe Fijo	1.200,00	EX 825724 /11	Calesita Plaza Mariano Boedo	Hector Carlos Rodriguez	Estados Unidos, Sánchez de Loria y Carlos Calvo	CALESITAS	29/12/2015
983	Importe Fijo	6.000,00	Acta de Tenencia Provisoria	ANTENA RADIO CIUDAD	FM LA BOCA PRODUCCIONES	PERGAMINO Y AV. 27 DE FEBRERO	VARIOS	2/2/2012
984	Importe Fijo	16.000,00	Permiso Ley 3399	#N/A	#N/A	#N/A	#N/A	#N/A
985	Importe Fijo	51.800,00	Pliegos aprobados por Decreto 1137/09	Driving Range Parque Sarmiento	Servicios Integrales de Alimentación S.A.	Av. Balbin 4750	DEPORTES	9/5/2017
989	Importe Fijo	15.870,00	Acta de Tenencia Provisoria. CON LICITACIÓN EN TRÁMITE IF-9 n i í n79/108,4 nric()Nr	#N/A	#N/A	#N/A	#N/A	#N/A
990	Importe Fijo	20.000,00	Afectado a Organismos Oficiales	BAJO AUTOPISTA 9 - 913A	NORBERTO HECTOR LAGUELA	AUSTRALIA (B.Q.MARTIN SUR) Y CALIFORNIA	GASTRONOMICOS	26/04/2014 -
991	Importe Fijo	321,84	Otorgado por aplicación Ley Nac. 24308, Decreto 1553/GCBA/97, Decreto 1187/GCBA/08	KIOSCO PARQUE DE LA CIUDAD DE BUENOS AIRES	Juan Ramón Brito	AUSTRALIA (B.Q.MARTIN SUR) Y CALIFORNIA	PERSONAS CON NECESIDADES ESPECIALES	Decreto 1553
993	importe Fijo	210.000.00	Permiso ley 3399	#N/A	#N/A	#N/A	#N/A	#N/A
994	Gratuitos Asoc. Civiles L	Gratuitos Asco. Civiles	PERMISO OTORGADO POR LEY 5046/14 POR EL TÉRMINO DE 20 AÑOS	BAJO AUTOPISTA 1 - 134B	SINDICATO ARGENTINO DE TELEVISIÓN, SERVICIOS AUDIOVISUALES, INTERACTIVOS Y DE DATOS (S.A.T.S.A.I.D.)	24 DE NOVIEMBRE-LORIA	PLAYAS DE ESTACIONAMIENTO	5/5/2016
995	Gratuitos Asoc. Civiles	Gratuitos Asco. Civiles	Permiso Ley 3399	BAJO AUTOPISTA 9 - 916	TRANSPORTE AUTOMOTOR PLAZA S.A.C.E.I. (TAPSA)	RIO CUARTO-O.CRUZ	LOCALES BAJO AUTOPISTA	27/4/2016
996	Oneroso / Cultura	7.000,00	EX 1 061 201 /2011/MGEYA. Contrato de Concesión. El canon es depositado en una cuenta propia del Centro Cultural.	CAFE DEL CENTRO	GEA8 SA	JUNIN 1930	GASTRONOMICOS	5/6/2018
997	Importe Fijo	7.000,00	Acta de Tenencia Provisoria	ANTENA LS1 RADIO CIUDAD	RADIO JAI	PARQUE DE LA CIUDAD - Avda. Escalada 4501	VARIOS	3/1/2012
999	 Importe Fijo	7.600,95	Permiso Ley 3399	ANTENA LS1 RADIO CIUDAD	RADIO JAI	PARQUE DE LA CIUDAD - Avda. Escalada 4501	VARIOS	3/1/2012
1000	 Importe Fijo	1.200,00	EX 508929/11	CALESITA PLAZA ECHEVERRIA	JUAN PABLO COUTO	NAHUEL HUAPI Y ARTURO CAPDEVILLA	CALESITAS	20/3/2018
1001	 Importe Fijo	6.000,00	Acta de Tenencia Provisoria	ANTENA LS1 RADIO CIUDAD	RADIO JAI	PARQUE DE LA CIUDAD - Avda. Escalada 4501	VARIOS	3/1/2012
1003	Importe Fijo	20.000,00	Permiso Ley 3399. LICITACIÓN EN TRAMITE	#N/A	#N/A	#N/A	#N/A	#N/A
1005	Gratuitos a Cooperadoras	Gratuitos a Cooperadoras	Ordenanza 35514	#N/A	#N/A	#N/A	#N/A	#N/A
1006	Gratuitos a Cooperadoras	Gratuitos a Cooperadoras	Ordenanza 35514	#N/A	#N/A	#N/A	#N/A	#N/A
1007	Gratuitos a Cooperadoras	Gratuitos a Cooperadoras	Ordenanza 35514	#N/A	#N/A	#N/A	#N/A	#N/A
1008	Gratuitos a Organismos Oficiales	Gratuitos a Organismos Oficiales	Afectado a Organismos Oficiales	BAJO AUTOPISTA 1 - 110A	D.G. GUARDIA DE AUXILIO Y EMERGENCIAS - GCBA	BDO. DE IRIGOYEN / TACUARI	LOCALES BAJO AUTOPISTA	
1010	Gratuitos a Organismos Oficiales	Gratuitos a Organismos Oficiales	Afectado a Organismos Oficiales	BAJO AUTOPISTA 6 - 612B	MINISTERIO DE JUSTICIA Y SEGURIDAD	RAMON FALCON - RIVADAVIA - CALDERON	LOCALES BAJO AUTOPISTA	
1011	Gratuitos a Organismos Oficiales	Gratuitos a Organismos Oficiales	Afectado a Organismos Oficiales iF-201 5-07960854- -DGCONC	BAJO AUTOPISTA 6 - 613A	MINISTERIO DE JUSTICIA Y SEGURIDAD	RAMON FALCON - RIVADAVIA - CALDERON	LOCALES BAJO AUTOPISTA	
1012	Gratuitos a Cooperadoras	Gratuitos a Cooperadoras	Ordenanza 35514	#N/A	#N/A	#N/A	#N/A	#N/A
1013	Gratuitos a Cooperadoras	Gratuitos a Cooperadoras	Ordenanza 35514	#N/A	#N/A	#N/A	#N/A	#N/A
1014	Gratuitos a Organismos	Gratuitos a Organismos Oficiales	Afectado a Organismos Oficiales	BAJO AUTOPISTA 6 - 609A	Area atencion a la Victima Violencia de Genero Polic. Metrop.	ZELADA - CAXARAVILLE	LOCALES BAJO AUTOPISTA	
1016	Desocupado	Desocupado	Desocupado .	BAJO AUTOPISTA 9 - 910	-	SUAREZ-ARAOZ DE LAMADRID	LOCALES BAJO AUTOPISTA	
1020	Gratuito	Gratuito	Permiso Ley 3399. EX 1225221 /2011/MGEYA	ESPACIO DENTRO DEL INST. SUPERIOR DE SEGURIDAD PUBLICA	GAGLIANO, CARLOS FABIAN	AV. STIAGO DE COMPOSTELA ESQ. FERNANDEZ	GASTRONOMICOS	11/8/2016
1021	Gratuitos Asoc. Civiles	Gratuitos Asco. Civiles	OTORGADO POR LEY N° 3735/2010 POR EL TÉRMINO DE 20 AÑOS	Bajo AU1 - Sarandi y Combate de los Pozos 119	Asociación Gallega Centro Betanzos	Venezuela 1536	LOCALES BAJO AUTOPISTA	19/1/2021
1022	Importe Fijo	1.950,00	Permiso Ley 3399	BAJO AUTOPISTA 1 - 160A	Fabio Hector Viruega	GALERÍA E.MITRE-LOCAL 1 Y ANEXO BAULERA 7	LOCALES BAJO AUTOPISTA	30/11/2015
1023	Desocupado	Desocupado	Desocupado	#N/A	#N/A	#N/A	#N/A	#N/A
1024	Gratuitos a Organismos Oficiales	Gratuitos a Organismos Oficiales	Afectado a Organismos Oficiales	#N/A	#N/A	#N/A	#N/A	#N/A
1025	Gratuitos a Organismos Oficiales	Gratuitos a Organismos Oficiales	Afectado a Organismos Oficiales	BAJO AUTOPISTA 1 - 159N - GALERIA EMILIO MITRE	MINISTERIO DE JUSTICIA Y SEGURIDAD	DE LAS CIENCIAS-E.MITRE	REPARTICIONES GUBERNAMENTALES	2/9/2016
1026	Gratuitos a Organismos Oficiales	Gratuitos a Organismos Oficiales	Afectado a Organismos Oficiales	BAJO AUTOPISTA 1 - 159Ñ - GALERIA EMILIO MITRE	MINISTERIO DE JUSTICIA Y SEGURIDAD	DE LAS CIENCIAS-E.MITRE	REPARTICIONES GUBERNAMENTALES	2/9/2016
1028	Gratuitos a Cooperadoras	Gratuitos a Cooperadoras	Ordenanza 35514	#N/A	#N/A	#N/A	#N/A	#N/A
1029	Gratuitos a Cooperadoras	Gratuitos a Cooperadoras	Ordenanza 35514	#N/A	#N/A	#N/A	#N/A	#N/A
1031	Gratuitos a Cooperadoras	Gratuitos a Cooperadoras	Ordenanza 35514	#N/A	#N/A	#N/A	#N/A	#N/A
1032	Importe Fijo	7.100,00	Adjudic por Resolución N° 7001MDEGC12011	PARQUE 3 DE FEBRERO - EL VIVERO - LA ROSALEDA	LAGOS DE PALERMO S. A.	PARQUE 3 DE FEBRERO	BOTES Y BICISCAFOS	17/1/2017
1033	Importe Fijo	1.200,00	EX 208074/12	CALESITA PARQUE INDOAMERICANO	ALFREDO LANGUILLA	Av. Castañares y Av. Escalada	CALESITAS	31/1/2015
1034	Importe Fijo.	5.000,00 	Permiso en el marco de la Ley 3399	PARQUE SARMIENTO	ASOCIACION CICLISMO DE BUENOS AIRES	Av. Ricardo Balbin 4750	DEPORTES	1/4/2015
1037	Gratuitos a Cooperadoras	Gratuitos a Cooperadoras	Ordenanza 35514	COOPERADORA ESC. COMERCIO LUIS AGOTE - FOTOCOPIADORA	MARINA PAOLA VIÑOLO	AV. RIVADAVIA 5165	COOPERADORA	
1038	Importe Fijo	35.000,00	Permiso Ley 3399 [F 2[115 [1796Q~~4 DGCONC	CANCHAS DE TENIS PARQUE SARMIENTO	OMAR GALDINO CARMINATTI	AV. RICADO BALBIN 4750	DEPORTES	15/4/2015
1039	Importe Fijo	321,84	Otorgado por aplicación Ley Nac. 24308, Decreto 1553/GCBA/97, Decreto 1187/GCBA108	Local en Subte C - Est. Lima Sur	Delia Mustacato	Subte C - Est. Lima Sur	PERSONAS CON NECESIDADES ESPECIALES	Ley 899/02- Dec 462/05
1040	Importe Fijo	321,84	Otorgado por aplicación Ley Nac. 24308, Decreto 15531GCBA197, Decreto 1187/GCBA/08 _	Local en Subte D - Estacion Tribunales	Jorge Francisco Ramos	Subte D - Estacion Tribunales	PERSONAS CON NECESIDADES ESPECIALES	Ley 899/02- Dec 462/05
1042	Importe Fijo	321,84	Otorgado por aplicación Ley Nac. 24308, Decreto 1553/GCBA/97, Decreto 1187/GCBA/08	Local en Subte B - Estacion Florida	Jose Antonio Tohalino Arica	Subte B - Estacion Florida	PERSONAS CON NECESIDADES ESPECIALES	Ley 899/02- Dec 462/05
1044	Importe Fijo	321,84	Otorgado por aplicación Ley Nac. 24308, Decreto 1553/GCBA/97, Decreto 1187/GCBA/08	#N/A	#N/A	#N/A	#N/A	#N/A
1045	Importe Fijo	321,84	Otorgado por aplicación Ley Nac. 24308, Decreto 1553/GCBA/97, Decreto 1187/GCBA/08	Local en Subte E - Estacion Emilio Mitre	Basilia Rafaela Bartolomeo	Subte E - Estacion Emilio Mitre	PERSONAS CON NECESIDADES ESPECIALES	Ley 899/02- Dec 462/05
1046	Importe Fijo	321,84	Otorgado por aplicación Ley Nao. 24308, Decreto 1553/GCBA/97, Decreto 1187/GCBA108	#N/A	#N/A	#N/A	#N/A	#N/A
1047	Importe Variable	Importe Variable	Pliegos aprobados por Dec. 491/11 y modificatorio 131/12, Concesión otorgada por Res. 416-MJGGC2012. .	#N/A	#N/A	#N/A	#N/A	#N/A
1048	Importe Fijo	8.000,00	Permiso Ley 3399. Uso del SUM abierto a comunidad.	Actividades recreativas, culturales y Playa de estacionamiento	Fundación Universidad Torcuoto Di Tella	Av. Figueroa Alcorta 7310	PLAYAS DE ESTACIONAMIENTO	11/9/2017
1049	Oneroso / Cultura	El canon es depositado en una cuenta propia del Centro Cultural.	Abona canon en Cuenta Escritural MCGC. En proceso de regularización.	#N/A	#N/A	#N/A	#N/A	#N/A
1050	 Oneroso / Cultura	El canon es depositado en una cuenta propia del Centro Cultural.	Abona canon en Cuenta Escritural MCGC. En proceso de adjudicación Licitación.	#N/A	#N/A	#N/A	#N/A	#N/A
1051	 Importe Variable 	Importe Variable	Permiso en el marco de la Ley 3399	CONFITERIA PRINCIPAL DEL CAMPO DE GOLF DE LA CIUDAD	WHITE SHARK S.A.	AVDA TORNQUIST 6385	GASTRONOMICOS	27/12/2017
1052	Desocupado	Desocupado	Desocupado	#N/A	#N/A	#N/A	#N/A	#N/A
1053	 Importe Fijo	1.429.694,03	Por Resolución N° 884/MDEGC/12 se aprobó y adjudicó la subasta pública.	#N/A	#N/A	#N/A	#N/A	#N/A
1055	Importe Fijo	321,84	Otorgado por aplicación Ley Nac. 24308, Decreto 1553/GCBA/97, Decreto 1187/GCBA108	#N/A	#N/A	#N/A	#N/A	#N/A
1056	Importe Fijo	34.500,00	Permiso Ley 3399	#N/A	#N/A	#N/A	#N/A	#N/A
1057	 Importe Fijo	321,84	Otorgado por aplicación Ley Nac, 24308, Decreto 1553/GCBA/97, Decreto 1187/GCBA108	Kiosco Hospital de Rehabilitacion M Rocca	Federico Vecchiarelli	Av. Segurola 1949	PERSONAS CON NECESIDADES ESPECIALES	Decreto 1553
1058	Importe Fijo	321,84	Otorgado por aplicación Ley Nac. 24308, Decreto 1553/GCBA/97, Decreto 1187/GCBA/08	#N/A	#N/A	#N/A	#N/A	#N/A
1059	Importe Fijo	19.350,00	Permiso Ley 3399	Academia Futbol Maciel - Polidep. M. Belgrano	APM Deportes SRL	Salguero 3450	DEPORTES	13/5/2018
1060	 Importe Fijo	1.200,00	EX 2076042/11	Calesita Paseo de la Infanta	Guillermo Jorge Taboada	Av. Infanta Isabel	CALESITAS	23/1/2018
1061	 Importe Fijo	1.200,00	EX 03840286/13 iF-90.1)-07nRi1- -DC,CCINC	Calesita Plaza Constitucion	Sergio Ruben Dalmaso	Av. Garay esq Lima Este	CALESITAS	24/1/2018
1062	Importe Fijo	1.200,00 	E,E. 626429/2013	#N/A	#N/A	#N/A	#N/A	#N/A
1063	Importe Fijo	4.000,00	Permiso Ley 3399 EX 2364841 /2013/MGEYA	Kiosco en AGC	Gagliano, Carlos Fabian	Pte. Peron 2933	GASTRONOMICOS	31/10/2015
1064	Oneroso / Cultura	El canon es depositado en una cuenta propia del Centro Cultural.	Adjudicado mediante Resolución N°721/MDEGC/12	Bar Confiteria Museo de Arte Español Larreta	Sabor Frances SRL	Juramento 2291	GASTRONOMICOS	5/8/2018
1065	Importe Fijo	8.000,00	Permiso Ley 3399. LICITACIÓN EN TRAMITE	BAJO AUTOPISTA AU6 - ENTRE MADERO Y CASCO	LAHET BUEEZAS IGNACIO AGUSTIN	MADERO 328	PLAYAS DE ESTACIONAMIENTO	29/9/2014
1066	Importe Fijo	7.800,00	Permiso Ley 3399	HOYO 9/10	WHITE SHARK SA	TORQUINST 6385	GASTRONOMICOS	12/12/2017
1067	Importe Fijo	1.200,00	EE-7362732/2014	Calesita Plaza Zapiola	Ruben Daniel Soria	Plaza Zapiola	CALESITAS	28/11/2018
1068	Importe Fijo	-	EE-7363343/2014 Aún no instalada	CALESITA PARQUE SANTOJANI	SR MIGUEL ANGEL VIGNATTI	Parque Santojani	CALESITAS	13/11/2018
1069	Importe Fijo	1.200,00	EE-7364915/2014	#N/A	#N/A	#N/A	#N/A	#N/A
1070	importe Fijo	1.200,00	EE-04005271/2014	#N/A	#N/A	#N/A	#N/A	#N/A
1071	Importe Fijo	1.200,00	EE-7365171/2014	CALESITA PLAZA DON BOSCO	SR FACUNDO DANIEL CAVALIERI	Plaza Don Bosco	CALESITAS	7/11/2018
1072	Importe Fijo	1.200,00	EE-7366868/2014	CALESITA PLAZA MARTIN RODRIGUEZ	SR NELSON OMAR BERON	Plaza Martin Rodriguez	CALESITAS	20/11/2017
1073	Importe Fijo	600,00	EE05971942/2013 Aún no instalada	CALESITA PLAZA CIUDAD DE BANFF	SR CARLOS ENRIQUE ZUÑIGA	Plaza Ciudad de Banff	CALESITAS	14/11/2018
1074	Importe Fijo	1.200,00	EE-7361955/2014	CALESITA PLAZA MAFALDA	SR ANTONIO PEDRO BARCHUK	Plaza Mafalda	CALESITAS	4/12/2018
1075	Importe Fijo	1.200,00	EE-7363003/2014	CALESITA PLAZA MONTECASTRO	SRA INDIANA IZQUIERDO	Plaza Montecastro	CALESITAS	22/11/2018
1076	Importe Fijo 	600,00	EE-7363537/2014 Aún no instalada ir•-_,r)i,i_ri7cus-r,_1_ _ncicome	CALESITA PASEO RAMIREZ	SR ENRIQUE FLORES	Paseo Ramirez	CALESITAS	26/11/2018
1077	Importe Fijo	1.200,00	EE-7362488/2014	#N/A	#N/A	#N/A	#N/A	#N/A
1078	Contraprestación por realización de obra	Contraprestación por realización de obra	Leyes Nros. 4348 y 4476. Adjudicado mediante Resolución N°2013-983-MDEGC	#N/A	#N/A	#N/A	#N/A	#N/A
1079	Importe Fijo	0,00	Permiso Ley 3399	Predio Bajo Autopista BsAs - La Plata	Silos Areneros de Buenos Aires SAC	Pedro de Mendoza entre Caffarena y Suarez	VARIOS	31/09//2014
1080	Contraprestación por realización de obra	Contraprestación por realización de obra	Permiso Ley 3399 - En proceso de devolución	Predio Bajo Autopista Buenos Aires - La Plata	Hector Fliter - Guido Wainstein	Pedro de Mendoza entre Gualeguay y B. Perez Galdos	VARIOS	31/09//2014
1081	Gratuitos Asoc. Civiles	Gratuitos Asoc. Civiles	Ordenanza 47.486 y 48.623. Acta entrega del predio de fecha 5/6/1996 por ende el vencimiento operará 5/6/2016 Decreto 623/GCBA/2009 revocó. Autos "Asociación Civil Florentino Ameghino y otros c/GCBA sobre Amparo Exp 34960/0" Decreto 999/09 suspendió la eiecución	#N/A	#N/A	#N/A	#N/A	#N/A
1082	Contrapestación por realización de obra	Contrapestación por realización de obra	Permiso Ley 3399	#N/A	#N/A	#N/A	#N/A	#N/A
1083	Contraprestación por realización de obra	Contraprestación por realización de obra	Permiso Ley 3399	#N/A	#N/A	#N/A	#N/A	#N/A
1084	Importe Variable	45.600,00	Permiso Ley 3399. Licitación pendiente por realización de obras. Canon en proceso de readecuación	#N/A	#N/A	#N/A	#N/A	#N/A
1085	Importe Fijo	12.000,00	Permiso Ley 3399. EX201408460052-MGEYADGCONC	ANTENA EN TORRE ESPACIAL DEL PARQUE DE LA CIUDAD	RADIO PANDA S.R.L.	PARQUE DE LA CIUDAD	VARIOS	20/4/2012
1086	Importe Fijo	1.000,00	Permiso Ley 3399 EX2014-08460052-MGEYADGCONC	ANTENA EN TORRE ESPACIAL DEL PARQUE DE LA CIUDAD	RADIO PANDA S.R.L.	PARQUE DE LA CIUDAD	VARIOS	20/4/2012
1087	Importe Fijo	4.000,00	Permiso Ley 3399. Con proyecto de desocupación	#N/A	#N/A	#N/A	#N/A	#N/A
1090	Importe Fijo	95.000,00	Finalizadas las obras acordadas, un Acta de Inicio de Explotación Comercial determinará la iniciación de la explotación	#N/A	#N/A	#N/A	#N/A	#N/A
1091	Importe Fijo	28.000,00	Pliegos Licitac. Aprobados por Decreto 594/12	#N/A	#N/A	#N/A	#N/A	#N/A
1092	Gratuitos a Cooperadoras	Gratuitos a Cooperadoras	Ordenanza 35514 IF-2015-07960854- -DGCONC	#N/A	#N/A	#N/A	#N/A	#N/A
1093	Gratuitos a Organismos Oficiales	Gratuitos a Organismos Oficiales	Afectado a Organismos Oficiales	BAJO AUTOPISTA 1 - 118	GEA 8 S.A.	ENTRE RIOS-CBTE. DE LOS POZOS	PLAYAS DE ESTACIONAMIENTO	hasta licitacion o subasta